URL,claim,claim_type,current_source,primary_source,vigencia,jurisdiccion,metodo_de_calculo,status,action,verified_date
/authors/javi-perez/,"""researching U.S. legal costs since 2022""",biografico,ninguna,ninguna,-,-,-,UNVERIFIED_REMOVE,Eliminado. GSC registra la primera impresion del dominio el 2026-04-21.,2026-08-12
"/authors/javi-perez/, /about, /how-we-research, /editorial-policy, /","cadencia de revision ""quarterly"" (10 menciones)",proceso editorial,ninguna,ninguna,-,-,-,UNVERIFIED_REMOVE,Eliminado. Sitio de ~4 meses; no existe registro de un ciclo trimestral.,2026-08-12
"/pages/personal-injury-lawyer-cost, /pages/mesothelioma-lawyer-cost, /",rango de cuota litis 33%-40% atribuido a la ABA Model Rule 1.5,norma,ABA Model Rule 1.5,ABA Model Rule 1.5,vigente,EE.UU.,ninguno,CONTEXT_MISMATCH,Corregido. La Regla exige honorarios razonables y pacto escrito; no publica porcentajes. El rango se presenta como practica de mercado sin fuente oficial unica.,2026-08-12
/states/alabama-lawyer-costs,Tasas judiciales y limites de small claims del estado,tasa oficial,fuente .gov citada en la pagina,"June 2026 · Filing fees verified against the Code of Alabama (§12-19-71, §12-12-31) and the Alabama Unified Judicial System",2026,alabama,transcripcion directa de la fuente,VERIFIED,"Sin cambios. Cada cifra cita tribunal, codigo o judicatura del estado.",2026-06
/states/alabama-lawyer-costs,Bandas de tarifa por hora por metro y benchmark estatal medio,estimacion derivada,Clio Lawyer Rates by State and Practice Area,no existe fuente primaria publica de tarifas facturadas,2026,alabama,benchmark estatal de Clio ajustado por nivel de mercado local; BLS OES solo como contraste laboral,DERIVED_AND_DISCLOSED,"Reetiquetado ""Typical rate band"" -> ""Planning estimate (derived)"". Retirado de title y meta description. Nota de metodologia visible junto a la tabla.",2026-08-12
/states/alaska-lawyer-costs,Bandas de tarifa por hora por metro y benchmark estatal medio,estimacion derivada,Clio Lawyer Rates by State and Practice Area,no existe fuente primaria publica de tarifas facturadas,2026,alaska,benchmark estatal de Clio ajustado por nivel de mercado local; BLS OES solo como contraste laboral,DERIVED_AND_DISCLOSED,"Reetiquetado ""Typical rate band"" -> ""Planning estimate (derived)"". Retirado de title y meta description. Nota de metodologia visible junto a la tabla.",2026-08-12
/states/arizona-lawyer-costs,Bandas de tarifa por hora por metro y benchmark estatal medio,estimacion derivada,Clio Lawyer Rates by State and Practice Area,no existe fuente primaria publica de tarifas facturadas,2026,arizona,benchmark estatal de Clio ajustado por nivel de mercado local; BLS OES solo como contraste laboral,DERIVED_AND_DISCLOSED,"Reetiquetado ""Typical rate band"" -> ""Planning estimate (derived)"". Retirado de title y meta description. Nota de metodologia visible junto a la tabla.",2026-08-12
/states/arkansas-lawyer-costs,Bandas de tarifa por hora por metro y benchmark estatal medio,estimacion derivada,Clio Lawyer Rates by State and Practice Area,no existe fuente primaria publica de tarifas facturadas,2026,arkansas,benchmark estatal de Clio ajustado por nivel de mercado local; BLS OES solo como contraste laboral,DERIVED_AND_DISCLOSED,"Reetiquetado ""Typical rate band"" -> ""Planning estimate (derived)"". Retirado de title y meta description. Nota de metodologia visible junto a la tabla.",2026-08-12
/states/california-lawyer-costs,Tasas judiciales y limites de small claims del estado,tasa oficial,fuente .gov citada en la pagina,"June 2026 · Figures verified against California Courts (courts.ca.gov), the State Bar of California (calbar.ca.gov), and the Calif",2026,california,transcripcion directa de la fuente,VERIFIED,"Sin cambios. Cada cifra cita tribunal, codigo o judicatura del estado.",2026-06
/states/california-lawyer-costs,Bandas de tarifa por hora por metro y benchmark estatal medio,estimacion derivada,Clio Lawyer Rates by State and Practice Area,no existe fuente primaria publica de tarifas facturadas,2026,california,benchmark estatal de Clio ajustado por nivel de mercado local; BLS OES solo como contraste laboral,DERIVED_AND_DISCLOSED,"Reetiquetado ""Typical rate band"" -> ""Planning estimate (derived)"". Retirado de title y meta description. Nota de metodologia visible junto a la tabla.",2026-08-12
/states/colorado-lawyer-costs,Tasas judiciales y limites de small claims del estado,tasa oficial,fuente .gov citada en la pagina,"June 2026 · Figures verified against the Colorado Judicial Branch (coloradojudicial.gov), the Colorado Bar Association, and the Co",2026,colorado,transcripcion directa de la fuente,VERIFIED,"Sin cambios. Cada cifra cita tribunal, codigo o judicatura del estado.",2026-06
/states/colorado-lawyer-costs,Bandas de tarifa por hora por metro y benchmark estatal medio,estimacion derivada,Clio Lawyer Rates by State and Practice Area,no existe fuente primaria publica de tarifas facturadas,2026,colorado,benchmark estatal de Clio ajustado por nivel de mercado local; BLS OES solo como contraste laboral,DERIVED_AND_DISCLOSED,"Reetiquetado ""Typical rate band"" -> ""Planning estimate (derived)"". Retirado de title y meta description. Nota de metodologia visible junto a la tabla.",2026-08-12
/states/connecticut-lawyer-costs,Bandas de tarifa por hora por metro y benchmark estatal medio,estimacion derivada,Clio Lawyer Rates by State and Practice Area,no existe fuente primaria publica de tarifas facturadas,2026,connecticut,benchmark estatal de Clio ajustado por nivel de mercado local; BLS OES solo como contraste laboral,DERIVED_AND_DISCLOSED,"Reetiquetado ""Typical rate band"" -> ""Planning estimate (derived)"". Retirado de title y meta description. Nota de metodologia visible junto a la tabla.",2026-08-12
/states/delaware-lawyer-costs,Bandas de tarifa por hora por metro y benchmark estatal medio,estimacion derivada,Clio Lawyer Rates by State and Practice Area,no existe fuente primaria publica de tarifas facturadas,2026,delaware,benchmark estatal de Clio ajustado por nivel de mercado local; BLS OES solo como contraste laboral,DERIVED_AND_DISCLOSED,"Reetiquetado ""Typical rate band"" -> ""Planning estimate (derived)"". Retirado de title y meta description. Nota de metodologia visible junto a la tabla.",2026-08-12
/states/florida-lawyer-costs,Bandas de tarifa por hora por metro y benchmark estatal medio,estimacion derivada,Clio Lawyer Rates by State and Practice Area,no existe fuente primaria publica de tarifas facturadas,2026,florida,benchmark estatal de Clio ajustado por nivel de mercado local; BLS OES solo como contraste laboral,DERIVED_AND_DISCLOSED,"Reetiquetado ""Typical rate band"" -> ""Planning estimate (derived)"". Retirado de title y meta description. Nota de metodologia visible junto a la tabla.",2026-08-12
/states/georgia-lawyer-costs,Bandas de tarifa por hora por metro y benchmark estatal medio,estimacion derivada,Clio Lawyer Rates by State and Practice Area,no existe fuente primaria publica de tarifas facturadas,2026,georgia,benchmark estatal de Clio ajustado por nivel de mercado local; BLS OES solo como contraste laboral,DERIVED_AND_DISCLOSED,"Reetiquetado ""Typical rate band"" -> ""Planning estimate (derived)"". Retirado de title y meta description. Nota de metodologia visible junto a la tabla.",2026-08-12
/states/hawaii-lawyer-costs,Bandas de tarifa por hora por metro y benchmark estatal medio,estimacion derivada,Clio Lawyer Rates by State and Practice Area,no existe fuente primaria publica de tarifas facturadas,2026,hawaii,benchmark estatal de Clio ajustado por nivel de mercado local; BLS OES solo como contraste laboral,DERIVED_AND_DISCLOSED,"Reetiquetado ""Typical rate band"" -> ""Planning estimate (derived)"". Retirado de title y meta description. Nota de metodologia visible junto a la tabla.",2026-08-12
/states/idaho-lawyer-costs,Bandas de tarifa por hora por metro y benchmark estatal medio,estimacion derivada,Clio Lawyer Rates by State and Practice Area,no existe fuente primaria publica de tarifas facturadas,2026,idaho,benchmark estatal de Clio ajustado por nivel de mercado local; BLS OES solo como contraste laboral,DERIVED_AND_DISCLOSED,"Reetiquetado ""Typical rate band"" -> ""Planning estimate (derived)"". Retirado de title y meta description. Nota de metodologia visible junto a la tabla.",2026-08-12
/states/illinois-lawyer-costs,Bandas de tarifa por hora por metro y benchmark estatal medio,estimacion derivada,Clio Lawyer Rates by State and Practice Area,no existe fuente primaria publica de tarifas facturadas,2026,illinois,benchmark estatal de Clio ajustado por nivel de mercado local; BLS OES solo como contraste laboral,DERIVED_AND_DISCLOSED,"Reetiquetado ""Typical rate band"" -> ""Planning estimate (derived)"". Retirado de title y meta description. Nota de metodologia visible junto a la tabla.",2026-08-12
/states/indiana-lawyer-costs,Bandas de tarifa por hora por metro y benchmark estatal medio,estimacion derivada,Clio Lawyer Rates by State and Practice Area,no existe fuente primaria publica de tarifas facturadas,2026,indiana,benchmark estatal de Clio ajustado por nivel de mercado local; BLS OES solo como contraste laboral,DERIVED_AND_DISCLOSED,"Reetiquetado ""Typical rate band"" -> ""Planning estimate (derived)"". Retirado de title y meta description. Nota de metodologia visible junto a la tabla.",2026-08-12
/states/iowa-lawyer-costs,Tasas judiciales y limites de small claims del estado,tasa oficial,fuente .gov citada en la pagina,"June 2026 · Figures verified against the Iowa Judicial Branch (iowacourts.gov), The Iowa State Bar Association, and the Iowa Code",2026,iowa,transcripcion directa de la fuente,VERIFIED,"Sin cambios. Cada cifra cita tribunal, codigo o judicatura del estado.",2026-06
/states/iowa-lawyer-costs,Bandas de tarifa por hora por metro y benchmark estatal medio,estimacion derivada,Clio Lawyer Rates by State and Practice Area,no existe fuente primaria publica de tarifas facturadas,2026,iowa,benchmark estatal de Clio ajustado por nivel de mercado local; BLS OES solo como contraste laboral,DERIVED_AND_DISCLOSED,"Reetiquetado ""Typical rate band"" -> ""Planning estimate (derived)"". Retirado de title y meta description. Nota de metodologia visible junto a la tabla.",2026-08-12
/states/kansas-lawyer-costs,Tasas judiciales y limites de small claims del estado,tasa oficial,fuente .gov citada en la pagina,June 2026 · Figures verified against the Kansas Revisor of Statutes (K.S.A. Chapters 60 &amp; 61) and the Kansas Judicial Branch,2026,kansas,transcripcion directa de la fuente,VERIFIED,"Sin cambios. Cada cifra cita tribunal, codigo o judicatura del estado.",2026-06
/states/kansas-lawyer-costs,Bandas de tarifa por hora por metro y benchmark estatal medio,estimacion derivada,Clio Lawyer Rates by State and Practice Area,no existe fuente primaria publica de tarifas facturadas,2026,kansas,benchmark estatal de Clio ajustado por nivel de mercado local; BLS OES solo como contraste laboral,DERIVED_AND_DISCLOSED,"Reetiquetado ""Typical rate band"" -> ""Planning estimate (derived)"". Retirado de title y meta description. Nota de metodologia visible junto a la tabla.",2026-08-12
/states/kentucky-lawyer-costs,Tasas judiciales y limites de small claims del estado,tasa oficial,fuente .gov citada en la pagina,"June 2026 · Figures verified against the Kentucky Court of Justice (kycourts.gov), the Kentucky Bar Association, the Kentucky Revi",2026,kentucky,transcripcion directa de la fuente,VERIFIED,"Sin cambios. Cada cifra cita tribunal, codigo o judicatura del estado.",2026-06
/states/kentucky-lawyer-costs,Bandas de tarifa por hora por metro y benchmark estatal medio,estimacion derivada,Clio Lawyer Rates by State and Practice Area,no existe fuente primaria publica de tarifas facturadas,2026,kentucky,benchmark estatal de Clio ajustado por nivel de mercado local; BLS OES solo como contraste laboral,DERIVED_AND_DISCLOSED,"Reetiquetado ""Typical rate band"" -> ""Planning estimate (derived)"". Retirado de title y meta description. Nota de metodologia visible junto a la tabla.",2026-08-12
/states/louisiana-lawyer-costs,Tasas judiciales y limites de small claims del estado,tasa oficial,fuente .gov citada en la pagina,"June 2026 · Figures verified against the Louisiana State Legislature (legis.la.gov), the Louisiana State Bar Association, and pari",2026,louisiana,transcripcion directa de la fuente,VERIFIED,"Sin cambios. Cada cifra cita tribunal, codigo o judicatura del estado.",2026-06
/states/louisiana-lawyer-costs,Bandas de tarifa por hora por metro y benchmark estatal medio,estimacion derivada,Clio Lawyer Rates by State and Practice Area,no existe fuente primaria publica de tarifas facturadas,2026,louisiana,benchmark estatal de Clio ajustado por nivel de mercado local; BLS OES solo como contraste laboral,DERIVED_AND_DISCLOSED,"Reetiquetado ""Typical rate band"" -> ""Planning estimate (derived)"". Retirado de title y meta description. Nota de metodologia visible junto a la tabla.",2026-08-12
/states/maine-lawyer-costs,Bandas de tarifa por hora por metro y benchmark estatal medio,estimacion derivada,Clio Lawyer Rates by State and Practice Area,no existe fuente primaria publica de tarifas facturadas,2026,maine,benchmark estatal de Clio ajustado por nivel de mercado local; BLS OES solo como contraste laboral,DERIVED_AND_DISCLOSED,"Reetiquetado ""Typical rate band"" -> ""Planning estimate (derived)"". Retirado de title y meta description. Nota de metodologia visible junto a la tabla.",2026-08-12
/states/maryland-lawyer-costs,Bandas de tarifa por hora por metro y benchmark estatal medio,estimacion derivada,Clio Lawyer Rates by State and Practice Area,no existe fuente primaria publica de tarifas facturadas,2026,maryland,benchmark estatal de Clio ajustado por nivel de mercado local; BLS OES solo como contraste laboral,DERIVED_AND_DISCLOSED,"Reetiquetado ""Typical rate band"" -> ""Planning estimate (derived)"". Retirado de title y meta description. Nota de metodologia visible junto a la tabla.",2026-08-12
/states/massachusetts-lawyer-costs,Bandas de tarifa por hora por metro y benchmark estatal medio,estimacion derivada,Clio Lawyer Rates by State and Practice Area,no existe fuente primaria publica de tarifas facturadas,2026,massachusetts,benchmark estatal de Clio ajustado por nivel de mercado local; BLS OES solo como contraste laboral,DERIVED_AND_DISCLOSED,"Reetiquetado ""Typical rate band"" -> ""Planning estimate (derived)"". Retirado de title y meta description. Nota de metodologia visible junto a la tabla.",2026-08-12
/states/michigan-lawyer-costs,Bandas de tarifa por hora por metro y benchmark estatal medio,estimacion derivada,Clio Lawyer Rates by State and Practice Area,no existe fuente primaria publica de tarifas facturadas,2026,michigan,benchmark estatal de Clio ajustado por nivel de mercado local; BLS OES solo como contraste laboral,DERIVED_AND_DISCLOSED,"Reetiquetado ""Typical rate band"" -> ""Planning estimate (derived)"". Retirado de title y meta description. Nota de metodologia visible junto a la tabla.",2026-08-12
/states/minnesota-lawyer-costs,Tasas judiciales y limites de small claims del estado,tasa oficial,fuente .gov citada en la pagina,"June 2026 · Figures verified against the Minnesota Judicial Branch (mncourts.gov), Minnesota Statutes, and the Minnesota State Bar",2026,minnesota,transcripcion directa de la fuente,VERIFIED,"Sin cambios. Cada cifra cita tribunal, codigo o judicatura del estado.",2026-06
/states/minnesota-lawyer-costs,Bandas de tarifa por hora por metro y benchmark estatal medio,estimacion derivada,Clio Lawyer Rates by State and Practice Area,no existe fuente primaria publica de tarifas facturadas,2026,minnesota,benchmark estatal de Clio ajustado por nivel de mercado local; BLS OES solo como contraste laboral,DERIVED_AND_DISCLOSED,"Reetiquetado ""Typical rate band"" -> ""Planning estimate (derived)"". Retirado de title y meta description. Nota de metodologia visible junto a la tabla.",2026-08-12
/states/mississippi-lawyer-costs,Tasas judiciales y limites de small claims del estado,tasa oficial,fuente .gov citada en la pagina,"June 2026 · Filing fees verified against the Mississippi Code (Miss. Code 25-7-9, 25-7-13, 25-7-25, 9-11-9), The Mississippi Bar, ",2026,mississippi,transcripcion directa de la fuente,VERIFIED,"Sin cambios. Cada cifra cita tribunal, codigo o judicatura del estado.",2026-06
/states/mississippi-lawyer-costs,Bandas de tarifa por hora por metro y benchmark estatal medio,estimacion derivada,Clio Lawyer Rates by State and Practice Area,no existe fuente primaria publica de tarifas facturadas,2026,mississippi,benchmark estatal de Clio ajustado por nivel de mercado local; BLS OES solo como contraste laboral,DERIVED_AND_DISCLOSED,"Reetiquetado ""Typical rate band"" -> ""Planning estimate (derived)"". Retirado de title y meta description. Nota de metodologia visible junto a la tabla.",2026-08-12
/states/missouri-lawyer-costs,Tasas judiciales y limites de small claims del estado,tasa oficial,fuente .gov citada en la pagina,"June 2026 · Figures verified against the Missouri Revised Statutes (revisor.mo.gov), the Missouri Courts (courts.mo.gov), and The ",2026,missouri,transcripcion directa de la fuente,VERIFIED,"Sin cambios. Cada cifra cita tribunal, codigo o judicatura del estado.",2026-06
/states/missouri-lawyer-costs,Bandas de tarifa por hora por metro y benchmark estatal medio,estimacion derivada,Clio Lawyer Rates by State and Practice Area,no existe fuente primaria publica de tarifas facturadas,2026,missouri,benchmark estatal de Clio ajustado por nivel de mercado local; BLS OES solo como contraste laboral,DERIVED_AND_DISCLOSED,"Reetiquetado ""Typical rate band"" -> ""Planning estimate (derived)"". Retirado de title y meta description. Nota de metodologia visible junto a la tabla.",2026-08-12
/states/montana-lawyer-costs,Bandas de tarifa por hora por metro y benchmark estatal medio,estimacion derivada,Clio Lawyer Rates by State and Practice Area,no existe fuente primaria publica de tarifas facturadas,2026,montana,benchmark estatal de Clio ajustado por nivel de mercado local; BLS OES solo como contraste laboral,DERIVED_AND_DISCLOSED,"Reetiquetado ""Typical rate band"" -> ""Planning estimate (derived)"". Retirado de title y meta description. Nota de metodologia visible junto a la tabla.",2026-08-12
/states/nebraska-lawyer-costs,Bandas de tarifa por hora por metro y benchmark estatal medio,estimacion derivada,Clio Lawyer Rates by State and Practice Area,no existe fuente primaria publica de tarifas facturadas,2026,nebraska,benchmark estatal de Clio ajustado por nivel de mercado local; BLS OES solo como contraste laboral,DERIVED_AND_DISCLOSED,"Reetiquetado ""Typical rate band"" -> ""Planning estimate (derived)"". Retirado de title y meta description. Nota de metodologia visible junto a la tabla.",2026-08-12
/states/nevada-lawyer-costs,Bandas de tarifa por hora por metro y benchmark estatal medio,estimacion derivada,Clio Lawyer Rates by State and Practice Area,no existe fuente primaria publica de tarifas facturadas,2026,nevada,benchmark estatal de Clio ajustado por nivel de mercado local; BLS OES solo como contraste laboral,DERIVED_AND_DISCLOSED,"Reetiquetado ""Typical rate band"" -> ""Planning estimate (derived)"". Retirado de title y meta description. Nota de metodologia visible junto a la tabla.",2026-08-12
/states/new-hampshire-lawyer-costs,Bandas de tarifa por hora por metro y benchmark estatal medio,estimacion derivada,Clio Lawyer Rates by State and Practice Area,no existe fuente primaria publica de tarifas facturadas,2026,new-hampshire,benchmark estatal de Clio ajustado por nivel de mercado local; BLS OES solo como contraste laboral,DERIVED_AND_DISCLOSED,"Reetiquetado ""Typical rate band"" -> ""Planning estimate (derived)"". Retirado de title y meta description. Nota de metodologia visible junto a la tabla.",2026-08-12
/states/new-jersey-lawyer-costs,Tasas judiciales y limites de small claims del estado,tasa oficial,fuente .gov citada en la pagina,"June 2026 · Figures verified against the New Jersey Courts (njcourts.gov), the New Jersey State Bar Association, and New Jersey st",2026,new-jersey,transcripcion directa de la fuente,VERIFIED,"Sin cambios. Cada cifra cita tribunal, codigo o judicatura del estado.",2026-06
/states/new-jersey-lawyer-costs,Bandas de tarifa por hora por metro y benchmark estatal medio,estimacion derivada,Clio Lawyer Rates by State and Practice Area,no existe fuente primaria publica de tarifas facturadas,2026,new-jersey,benchmark estatal de Clio ajustado por nivel de mercado local; BLS OES solo como contraste laboral,DERIVED_AND_DISCLOSED,"Reetiquetado ""Typical rate band"" -> ""Planning estimate (derived)"". Retirado de title y meta description. Nota de metodologia visible junto a la tabla.",2026-08-12
/states/new-mexico-lawyer-costs,Bandas de tarifa por hora por metro y benchmark estatal medio,estimacion derivada,Clio Lawyer Rates by State and Practice Area,no existe fuente primaria publica de tarifas facturadas,2026,new-mexico,benchmark estatal de Clio ajustado por nivel de mercado local; BLS OES solo como contraste laboral,DERIVED_AND_DISCLOSED,"Reetiquetado ""Typical rate band"" -> ""Planning estimate (derived)"". Retirado de title y meta description. Nota de metodologia visible junto a la tabla.",2026-08-12
/states/new-york-lawyer-costs,Tasas judiciales y limites de small claims del estado,tasa oficial,fuente .gov citada en la pagina,"June 2026 · Figures verified against the New York State Unified Court System (nycourts.gov), the New York State Senate codes (nyse",2026,new-york,transcripcion directa de la fuente,VERIFIED,"Sin cambios. Cada cifra cita tribunal, codigo o judicatura del estado.",2026-06
/states/new-york-lawyer-costs,Bandas de tarifa por hora por metro y benchmark estatal medio,estimacion derivada,Clio Lawyer Rates by State and Practice Area,no existe fuente primaria publica de tarifas facturadas,2026,new-york,benchmark estatal de Clio ajustado por nivel de mercado local; BLS OES solo como contraste laboral,DERIVED_AND_DISCLOSED,"Reetiquetado ""Typical rate band"" -> ""Planning estimate (derived)"". Retirado de title y meta description. Nota de metodologia visible junto a la tabla.",2026-08-12
/states/north-carolina-lawyer-costs,Tasas judiciales y limites de small claims del estado,tasa oficial,fuente .gov citada en la pagina,"June 2026 · Figures verified against the North Carolina Judicial Branch (nccourts.gov), the North Carolina State Bar (ncbar.gov), ",2026,north-carolina,transcripcion directa de la fuente,VERIFIED,"Sin cambios. Cada cifra cita tribunal, codigo o judicatura del estado.",2026-06
/states/north-carolina-lawyer-costs,Bandas de tarifa por hora por metro y benchmark estatal medio,estimacion derivada,Clio Lawyer Rates by State and Practice Area,no existe fuente primaria publica de tarifas facturadas,2026,north-carolina,benchmark estatal de Clio ajustado por nivel de mercado local; BLS OES solo como contraste laboral,DERIVED_AND_DISCLOSED,"Reetiquetado ""Typical rate band"" -> ""Planning estimate (derived)"". Retirado de title y meta description. Nota de metodologia visible junto a la tabla.",2026-08-12
/states/north-dakota-lawyer-costs,Bandas de tarifa por hora por metro y benchmark estatal medio,estimacion derivada,Clio Lawyer Rates by State and Practice Area,no existe fuente primaria publica de tarifas facturadas,2026,north-dakota,benchmark estatal de Clio ajustado por nivel de mercado local; BLS OES solo como contraste laboral,DERIVED_AND_DISCLOSED,"Reetiquetado ""Typical rate band"" -> ""Planning estimate (derived)"". Retirado de title y meta description. Nota de metodologia visible junto a la tabla.",2026-08-12
/states/ohio-lawyer-costs,Bandas de tarifa por hora por metro y benchmark estatal medio,estimacion derivada,Clio Lawyer Rates by State and Practice Area,no existe fuente primaria publica de tarifas facturadas,2026,ohio,benchmark estatal de Clio ajustado por nivel de mercado local; BLS OES solo como contraste laboral,DERIVED_AND_DISCLOSED,"Reetiquetado ""Typical rate band"" -> ""Planning estimate (derived)"". Retirado de title y meta description. Nota de metodologia visible junto a la tabla.",2026-08-12
/states/oklahoma-lawyer-costs,Bandas de tarifa por hora por metro y benchmark estatal medio,estimacion derivada,Clio Lawyer Rates by State and Practice Area,no existe fuente primaria publica de tarifas facturadas,2026,oklahoma,benchmark estatal de Clio ajustado por nivel de mercado local; BLS OES solo como contraste laboral,DERIVED_AND_DISCLOSED,"Reetiquetado ""Typical rate band"" -> ""Planning estimate (derived)"". Retirado de title y meta description. Nota de metodologia visible junto a la tabla.",2026-08-12
/states/oregon-lawyer-costs,Bandas de tarifa por hora por metro y benchmark estatal medio,estimacion derivada,Clio Lawyer Rates by State and Practice Area,no existe fuente primaria publica de tarifas facturadas,2026,oregon,benchmark estatal de Clio ajustado por nivel de mercado local; BLS OES solo como contraste laboral,DERIVED_AND_DISCLOSED,"Reetiquetado ""Typical rate band"" -> ""Planning estimate (derived)"". Retirado de title y meta description. Nota de metodologia visible junto a la tabla.",2026-08-12
/states/pennsylvania-lawyer-costs,Bandas de tarifa por hora por metro y benchmark estatal medio,estimacion derivada,Clio Lawyer Rates by State and Practice Area,no existe fuente primaria publica de tarifas facturadas,2026,pennsylvania,benchmark estatal de Clio ajustado por nivel de mercado local; BLS OES solo como contraste laboral,DERIVED_AND_DISCLOSED,"Reetiquetado ""Typical rate band"" -> ""Planning estimate (derived)"". Retirado de title y meta description. Nota de metodologia visible junto a la tabla.",2026-08-12
/states/rhode-island-lawyer-costs,Bandas de tarifa por hora por metro y benchmark estatal medio,estimacion derivada,Clio Lawyer Rates by State and Practice Area,no existe fuente primaria publica de tarifas facturadas,2026,rhode-island,benchmark estatal de Clio ajustado por nivel de mercado local; BLS OES solo como contraste laboral,DERIVED_AND_DISCLOSED,"Reetiquetado ""Typical rate band"" -> ""Planning estimate (derived)"". Retirado de title y meta description. Nota de metodologia visible junto a la tabla.",2026-08-12
/states/south-carolina-lawyer-costs,Tasas judiciales y limites de small claims del estado,tasa oficial,fuente .gov citada en la pagina,"June 2026 · Figures verified against the South Carolina Judicial Branch (sccourts.org), the South Carolina Bar, and the South Caro",2026,south-carolina,transcripcion directa de la fuente,VERIFIED,"Sin cambios. Cada cifra cita tribunal, codigo o judicatura del estado.",2026-06
/states/south-carolina-lawyer-costs,Bandas de tarifa por hora por metro y benchmark estatal medio,estimacion derivada,Clio Lawyer Rates by State and Practice Area,no existe fuente primaria publica de tarifas facturadas,2026,south-carolina,benchmark estatal de Clio ajustado por nivel de mercado local; BLS OES solo como contraste laboral,DERIVED_AND_DISCLOSED,"Reetiquetado ""Typical rate band"" -> ""Planning estimate (derived)"". Retirado de title y meta description. Nota de metodologia visible junto a la tabla.",2026-08-12
/states/south-dakota-lawyer-costs,Tasas judiciales y limites de small claims del estado,tasa oficial,fuente .gov citada en la pagina,"June 2026 · Figures verified against the South Dakota Unified Judicial System (ujs.sd.gov), the State Bar of South Dakota, and the",2026,south-dakota,transcripcion directa de la fuente,VERIFIED,"Sin cambios. Cada cifra cita tribunal, codigo o judicatura del estado.",2026-06
/states/south-dakota-lawyer-costs,Bandas de tarifa por hora por metro y benchmark estatal medio,estimacion derivada,Clio Lawyer Rates by State and Practice Area,no existe fuente primaria publica de tarifas facturadas,2026,south-dakota,benchmark estatal de Clio ajustado por nivel de mercado local; BLS OES solo como contraste laboral,DERIVED_AND_DISCLOSED,"Reetiquetado ""Typical rate band"" -> ""Planning estimate (derived)"". Retirado de title y meta description. Nota de metodologia visible junto a la tabla.",2026-08-12
/states/tennessee-lawyer-costs,Bandas de tarifa por hora por metro y benchmark estatal medio,estimacion derivada,Clio Lawyer Rates by State and Practice Area,no existe fuente primaria publica de tarifas facturadas,2026,tennessee,benchmark estatal de Clio ajustado por nivel de mercado local; BLS OES solo como contraste laboral,DERIVED_AND_DISCLOSED,"Reetiquetado ""Typical rate band"" -> ""Planning estimate (derived)"". Retirado de title y meta description. Nota de metodologia visible junto a la tabla.",2026-08-12
/states/texas-lawyer-costs,Bandas de tarifa por hora por metro y benchmark estatal medio,estimacion derivada,Clio Lawyer Rates by State and Practice Area,no existe fuente primaria publica de tarifas facturadas,2026,texas,benchmark estatal de Clio ajustado por nivel de mercado local; BLS OES solo como contraste laboral,DERIVED_AND_DISCLOSED,"Reetiquetado ""Typical rate band"" -> ""Planning estimate (derived)"". Retirado de title y meta description. Nota de metodologia visible junto a la tabla.",2026-08-12
/states/utah-lawyer-costs,Tasas judiciales y limites de small claims del estado,tasa oficial,fuente .gov citada en la pagina,"June 2026 · Figures verified against Utah State Courts (utcourts.gov), the Utah State Bar, and the Utah Code",2026,utah,transcripcion directa de la fuente,VERIFIED,"Sin cambios. Cada cifra cita tribunal, codigo o judicatura del estado.",2026-06
/states/utah-lawyer-costs,Bandas de tarifa por hora por metro y benchmark estatal medio,estimacion derivada,Clio Lawyer Rates by State and Practice Area,no existe fuente primaria publica de tarifas facturadas,2026,utah,benchmark estatal de Clio ajustado por nivel de mercado local; BLS OES solo como contraste laboral,DERIVED_AND_DISCLOSED,"Reetiquetado ""Typical rate band"" -> ""Planning estimate (derived)"". Retirado de title y meta description. Nota de metodologia visible junto a la tabla.",2026-08-12
/states/vermont-lawyer-costs,Bandas de tarifa por hora por metro y benchmark estatal medio,estimacion derivada,Clio Lawyer Rates by State and Practice Area,no existe fuente primaria publica de tarifas facturadas,2026,vermont,benchmark estatal de Clio ajustado por nivel de mercado local; BLS OES solo como contraste laboral,DERIVED_AND_DISCLOSED,"Reetiquetado ""Typical rate band"" -> ""Planning estimate (derived)"". Retirado de title y meta description. Nota de metodologia visible junto a la tabla.",2026-08-12
/states/virginia-lawyer-costs,Tasas judiciales y limites de small claims del estado,tasa oficial,fuente .gov citada en la pagina,"June 2026 · Figures verified against the Virginia Judicial System (vacourts.gov), the Virginia State Bar, and the Code of Virginia",2026,virginia,transcripcion directa de la fuente,VERIFIED,"Sin cambios. Cada cifra cita tribunal, codigo o judicatura del estado.",2026-06
/states/virginia-lawyer-costs,Bandas de tarifa por hora por metro y benchmark estatal medio,estimacion derivada,Clio Lawyer Rates by State and Practice Area,no existe fuente primaria publica de tarifas facturadas,2026,virginia,benchmark estatal de Clio ajustado por nivel de mercado local; BLS OES solo como contraste laboral,DERIVED_AND_DISCLOSED,"Reetiquetado ""Typical rate band"" -> ""Planning estimate (derived)"". Retirado de title y meta description. Nota de metodologia visible junto a la tabla.",2026-08-12
/states/washington-lawyer-costs,Bandas de tarifa por hora por metro y benchmark estatal medio,estimacion derivada,Clio Lawyer Rates by State and Practice Area,no existe fuente primaria publica de tarifas facturadas,2026,washington,benchmark estatal de Clio ajustado por nivel de mercado local; BLS OES solo como contraste laboral,DERIVED_AND_DISCLOSED,"Reetiquetado ""Typical rate band"" -> ""Planning estimate (derived)"". Retirado de title y meta description. Nota de metodologia visible junto a la tabla.",2026-08-12
/states/west-virginia-lawyer-costs,Bandas de tarifa por hora por metro y benchmark estatal medio,estimacion derivada,Clio Lawyer Rates by State and Practice Area,no existe fuente primaria publica de tarifas facturadas,2026,west-virginia,benchmark estatal de Clio ajustado por nivel de mercado local; BLS OES solo como contraste laboral,DERIVED_AND_DISCLOSED,"Reetiquetado ""Typical rate band"" -> ""Planning estimate (derived)"". Retirado de title y meta description. Nota de metodologia visible junto a la tabla.",2026-08-12
/states/wisconsin-lawyer-costs,Bandas de tarifa por hora por metro y benchmark estatal medio,estimacion derivada,Clio Lawyer Rates by State and Practice Area,no existe fuente primaria publica de tarifas facturadas,2026,wisconsin,benchmark estatal de Clio ajustado por nivel de mercado local; BLS OES solo como contraste laboral,DERIVED_AND_DISCLOSED,"Reetiquetado ""Typical rate band"" -> ""Planning estimate (derived)"". Retirado de title y meta description. Nota de metodologia visible junto a la tabla.",2026-08-12
/states/wyoming-lawyer-costs,Bandas de tarifa por hora por metro y benchmark estatal medio,estimacion derivada,Clio Lawyer Rates by State and Practice Area,no existe fuente primaria publica de tarifas facturadas,2026,wyoming,benchmark estatal de Clio ajustado por nivel de mercado local; BLS OES solo como contraste laboral,DERIVED_AND_DISCLOSED,"Reetiquetado ""Typical rate band"" -> ""Planning estimate (derived)"". Retirado de title y meta description. Nota de metodologia visible junto a la tabla.",2026-08-12
/pages/18-wheeler-accident-lawyer-cost,Bandas de coste por area de practica y presupuesto de trabajo,estimacion derivada,Clio Lawyer Rates / BLS OES,no existe fuente primaria publica de importes facturados,2026,EE.UU.,"benchmark de mercado ajustado por area y nivel de mercado; BLS mide salarios, no facturacion",DERIVED_AND_DISCLOSED,Encabezados reetiquetados como planning estimate. Nota de metodologia visible. Sin cifras en title.,2026-08-12
/pages/asbestos-lawsuit-cost,Bandas de coste por area de practica y presupuesto de trabajo,estimacion derivada,Clio Lawyer Rates / BLS OES,no existe fuente primaria publica de importes facturados,2026,EE.UU.,"benchmark de mercado ajustado por area y nivel de mercado; BLS mide salarios, no facturacion",DERIVED_AND_DISCLOSED,Encabezados reetiquetados como planning estimate. Nota de metodologia visible. Sin cifras en title.,2026-08-12
/pages/bankruptcy-lawyer-cost,Bandas de coste por area de practica y presupuesto de trabajo,estimacion derivada,Clio Lawyer Rates / BLS OES,no existe fuente primaria publica de importes facturados,2026,EE.UU.,"benchmark de mercado ajustado por area y nivel de mercado; BLS mide salarios, no facturacion",DERIVED_AND_DISCLOSED,Encabezados reetiquetados como planning estimate. Nota de metodologia visible. Sin cifras en title.,2026-08-12
/pages/birth-injury-lawyer-cost,Bandas de coste por area de practica y presupuesto de trabajo,estimacion derivada,Clio Lawyer Rates / BLS OES,no existe fuente primaria publica de importes facturados,2026,EE.UU.,"benchmark de mercado ajustado por area y nivel de mercado; BLS mide salarios, no facturacion",DERIVED_AND_DISCLOSED,Encabezados reetiquetados como planning estimate. Nota de metodologia visible. Sin cifras en title.,2026-08-12
/pages/business-lawyer-cost,Bandas de coste por area de practica y presupuesto de trabajo,estimacion derivada,Clio Lawyer Rates / BLS OES,no existe fuente primaria publica de importes facturados,2026,EE.UU.,"benchmark de mercado ajustado por area y nivel de mercado; BLS mide salarios, no facturacion",DERIVED_AND_DISCLOSED,Encabezados reetiquetados como planning estimate. Nota de metodologia visible. Sin cifras en title.,2026-08-12
/pages/camp-lejeune-lawsuit-cost,Bandas de coste por area de practica y presupuesto de trabajo,estimacion derivada,Clio Lawyer Rates / BLS OES,no existe fuente primaria publica de importes facturados,2026,EE.UU.,"benchmark de mercado ajustado por area y nivel de mercado; BLS mide salarios, no facturacion",DERIVED_AND_DISCLOSED,Encabezados reetiquetados como planning estimate. Nota de metodologia visible. Sin cifras en title.,2026-08-12
/pages/can-i-afford-a-lawyer,Bandas de coste por area de practica y presupuesto de trabajo,estimacion derivada,Clio Lawyer Rates / BLS OES,no existe fuente primaria publica de importes facturados,2026,EE.UU.,"benchmark de mercado ajustado por area y nivel de mercado; BLS mide salarios, no facturacion",DERIVED_AND_DISCLOSED,Encabezados reetiquetados como planning estimate. Nota de metodologia visible. Sin cifras en title.,2026-08-12
/pages/child-custody-lawyer-cost,Bandas de coste por area de practica y presupuesto de trabajo,estimacion derivada,Clio Lawyer Rates / BLS OES,no existe fuente primaria publica de importes facturados,2026,EE.UU.,"benchmark de mercado ajustado por area y nivel de mercado; BLS mide salarios, no facturacion",DERIVED_AND_DISCLOSED,Encabezados reetiquetados como planning estimate. Nota de metodologia visible. Sin cifras en title.,2026-08-12
/pages/class-action-lawsuit-cost,Bandas de coste por area de practica y presupuesto de trabajo,estimacion derivada,Clio Lawyer Rates / BLS OES,no existe fuente primaria publica de importes facturados,2026,EE.UU.,"benchmark de mercado ajustado por area y nivel de mercado; BLS mide salarios, no facturacion",DERIVED_AND_DISCLOSED,Encabezados reetiquetados como planning estimate. Nota de metodologia visible. Sin cifras en title.,2026-08-12
/pages/contingency-fee-explained,Bandas de coste por area de practica y presupuesto de trabajo,estimacion derivada,Clio Lawyer Rates / BLS OES,no existe fuente primaria publica de importes facturados,2026,EE.UU.,"benchmark de mercado ajustado por area y nivel de mercado; BLS mide salarios, no facturacion",DERIVED_AND_DISCLOSED,Encabezados reetiquetados como planning estimate. Nota de metodologia visible. Sin cifras en title.,2026-08-12
/pages/contingency-fee-lawyer-finder,Bandas de coste por area de practica y presupuesto de trabajo,estimacion derivada,Clio Lawyer Rates / BLS OES,no existe fuente primaria publica de importes facturados,2026,EE.UU.,"benchmark de mercado ajustado por area y nivel de mercado; BLS mide salarios, no facturacion",DERIVED_AND_DISCLOSED,Encabezados reetiquetados como planning estimate. Nota de metodologia visible. Sin cifras en title.,2026-08-12
/pages/criminal-defense-lawyer-cost,Bandas de coste por area de practica y presupuesto de trabajo,estimacion derivada,Clio Lawyer Rates / BLS OES,no existe fuente primaria publica de importes facturados,2026,EE.UU.,"benchmark de mercado ajustado por area y nivel de mercado; BLS mide salarios, no facturacion",DERIVED_AND_DISCLOSED,Encabezados reetiquetados como planning estimate. Nota de metodologia visible. Sin cifras en title.,2026-08-12
/pages/divorce-lawyer-cost,Bandas de coste por area de practica y presupuesto de trabajo,estimacion derivada,Clio Lawyer Rates / BLS OES,no existe fuente primaria publica de importes facturados,2026,EE.UU.,"benchmark de mercado ajustado por area y nivel de mercado; BLS mide salarios, no facturacion",DERIVED_AND_DISCLOSED,Encabezados reetiquetados como planning estimate. Nota de metodologia visible. Sin cifras en title.,2026-08-12
/pages/drug-trafficking-lawyer-cost,Bandas de coste por area de practica y presupuesto de trabajo,estimacion derivada,Clio Lawyer Rates / BLS OES,no existe fuente primaria publica de importes facturados,2026,EE.UU.,"benchmark de mercado ajustado por area y nivel de mercado; BLS mide salarios, no facturacion",DERIVED_AND_DISCLOSED,Encabezados reetiquetados como planning estimate. Nota de metodologia visible. Sin cifras en title.,2026-08-12
/pages/dui-lawyer-cost,Bandas de coste por area de practica y presupuesto de trabajo,estimacion derivada,Clio Lawyer Rates / BLS OES,no existe fuente primaria publica de importes facturados,2026,EE.UU.,"benchmark de mercado ajustado por area y nivel de mercado; BLS mide salarios, no facturacion",DERIVED_AND_DISCLOSED,Encabezados reetiquetados como planning estimate. Nota de metodologia visible. Sin cifras en title.,2026-08-12
/pages/employment-lawyer-cost,Bandas de coste por area de practica y presupuesto de trabajo,estimacion derivada,Clio Lawyer Rates / BLS OES,no existe fuente primaria publica de importes facturados,2026,EE.UU.,"benchmark de mercado ajustado por area y nivel de mercado; BLS mide salarios, no facturacion",DERIVED_AND_DISCLOSED,Encabezados reetiquetados como planning estimate. Nota de metodologia visible. Sin cifras en title.,2026-08-12
/pages/estate-planning-lawyer-cost,Bandas de coste por area de practica y presupuesto de trabajo,estimacion derivada,Clio Lawyer Rates / BLS OES,no existe fuente primaria publica de importes facturados,2026,EE.UU.,"benchmark de mercado ajustado por area y nivel de mercado; BLS mide salarios, no facturacion",DERIVED_AND_DISCLOSED,Encabezados reetiquetados como planning estimate. Nota de metodologia visible. Sin cifras en title.,2026-08-12
/pages/federal-criminal-defense-lawyer-cost,Bandas de coste por area de practica y presupuesto de trabajo,estimacion derivada,Clio Lawyer Rates / BLS OES,no existe fuente primaria publica de importes facturados,2026,EE.UU.,"benchmark de mercado ajustado por area y nivel de mercado; BLS mide salarios, no facturacion",DERIVED_AND_DISCLOSED,Encabezados reetiquetados como planning estimate. Nota de metodologia visible. Sin cifras en title.,2026-08-12
/pages/hourly-vs-flat-fee-lawyer,Bandas de coste por area de practica y presupuesto de trabajo,estimacion derivada,Clio Lawyer Rates / BLS OES,no existe fuente primaria publica de importes facturados,2026,EE.UU.,"benchmark de mercado ajustado por area y nivel de mercado; BLS mide salarios, no facturacion",DERIVED_AND_DISCLOSED,Encabezados reetiquetados como planning estimate. Nota de metodologia visible. Sin cifras en title.,2026-08-12
/pages/how-much-does-a-lawsuit-cost,Bandas de coste por area de practica y presupuesto de trabajo,estimacion derivada,Clio Lawyer Rates / BLS OES,no existe fuente primaria publica de importes facturados,2026,EE.UU.,"benchmark de mercado ajustado por area y nivel de mercado; BLS mide salarios, no facturacion",DERIVED_AND_DISCLOSED,Encabezados reetiquetados como planning estimate. Nota de metodologia visible. Sin cifras en title.,2026-08-12
/pages/how-much-does-a-lawyer-cost,Bandas de coste por area de practica y presupuesto de trabajo,estimacion derivada,Clio Lawyer Rates / BLS OES,no existe fuente primaria publica de importes facturados,2026,EE.UU.,"benchmark de mercado ajustado por area y nivel de mercado; BLS mide salarios, no facturacion",DERIVED_AND_DISCLOSED,Encabezados reetiquetados como planning estimate. Nota de metodologia visible. Sin cifras en title.,2026-08-12
/pages/immigration-lawyer-cost,Bandas de coste por area de practica y presupuesto de trabajo,estimacion derivada,Clio Lawyer Rates / BLS OES,no existe fuente primaria publica de importes facturados,2026,EE.UU.,"benchmark de mercado ajustado por area y nivel de mercado; BLS mide salarios, no facturacion",DERIVED_AND_DISCLOSED,Encabezados reetiquetados como planning estimate. Nota de metodologia visible. Sin cifras en title.,2026-08-12
/pages/landlord-tenant-lawyer-cost,Bandas de coste por area de practica y presupuesto de trabajo,estimacion derivada,Clio Lawyer Rates / BLS OES,no existe fuente primaria publica de importes facturados,2026,EE.UU.,"benchmark de mercado ajustado por area y nivel de mercado; BLS mide salarios, no facturacion",DERIVED_AND_DISCLOSED,Encabezados reetiquetados como planning estimate. Nota de metodologia visible. Sin cifras en title.,2026-08-12
/pages/lawyer-consultation-fee,Bandas de coste por area de practica y presupuesto de trabajo,estimacion derivada,Clio Lawyer Rates / BLS OES,no existe fuente primaria publica de importes facturados,2026,EE.UU.,"benchmark de mercado ajustado por area y nivel de mercado; BLS mide salarios, no facturacion",DERIVED_AND_DISCLOSED,Encabezados reetiquetados como planning estimate. Nota de metodologia visible. Sin cifras en title.,2026-08-12
/pages/lawyer-cost-calculator,Bandas de coste por area de practica y presupuesto de trabajo,estimacion derivada,Clio Lawyer Rates / BLS OES,no existe fuente primaria publica de importes facturados,2026,EE.UU.,"benchmark de mercado ajustado por area y nivel de mercado; BLS mide salarios, no facturacion",DERIVED_AND_DISCLOSED,Encabezados reetiquetados como planning estimate. Nota de metodologia visible. Sin cifras en title.,2026-08-12
/pages/legal-aid-guide,Bandas de coste por area de practica y presupuesto de trabajo,estimacion derivada,Clio Lawyer Rates / BLS OES,no existe fuente primaria publica de importes facturados,2026,EE.UU.,"benchmark de mercado ajustado por area y nivel de mercado; BLS mide salarios, no facturacion",DERIVED_AND_DISCLOSED,Encabezados reetiquetados como planning estimate. Nota de metodologia visible. Sin cifras en title.,2026-08-12
/pages/mediation-cost-guide,Bandas de coste por area de practica y presupuesto de trabajo,estimacion derivada,Clio Lawyer Rates / BLS OES,no existe fuente primaria publica de importes facturados,2026,EE.UU.,"benchmark de mercado ajustado por area y nivel de mercado; BLS mide salarios, no facturacion",DERIVED_AND_DISCLOSED,Encabezados reetiquetados como planning estimate. Nota de metodologia visible. Sin cifras en title.,2026-08-12
/pages/medical-malpractice-lawyer-cost,Bandas de coste por area de practica y presupuesto de trabajo,estimacion derivada,Clio Lawyer Rates / BLS OES,no existe fuente primaria publica de importes facturados,2026,EE.UU.,"benchmark de mercado ajustado por area y nivel de mercado; BLS mide salarios, no facturacion",DERIVED_AND_DISCLOSED,Encabezados reetiquetados como planning estimate. Nota de metodologia visible. Sin cifras en title.,2026-08-12
/pages/mesothelioma-lawyer-cost,Bandas de coste por area de practica y presupuesto de trabajo,estimacion derivada,Clio Lawyer Rates / BLS OES,no existe fuente primaria publica de importes facturados,2026,EE.UU.,"benchmark de mercado ajustado por area y nivel de mercado; BLS mide salarios, no facturacion",DERIVED_AND_DISCLOSED,Encabezados reetiquetados como planning estimate. Nota de metodologia visible. Sin cifras en title.,2026-08-12
/pages/motorcycle-accident-lawyer-cost,Bandas de coste por area de practica y presupuesto de trabajo,estimacion derivada,Clio Lawyer Rates / BLS OES,no existe fuente primaria publica de importes facturados,2026,EE.UU.,"benchmark de mercado ajustado por area y nivel de mercado; BLS mide salarios, no facturacion",DERIVED_AND_DISCLOSED,Encabezados reetiquetados como planning estimate. Nota de metodologia visible. Sin cifras en title.,2026-08-12
/pages/notary-cost-guide,Bandas de coste por area de practica y presupuesto de trabajo,estimacion derivada,Clio Lawyer Rates / BLS OES,no existe fuente primaria publica de importes facturados,2026,EE.UU.,"benchmark de mercado ajustado por area y nivel de mercado; BLS mide salarios, no facturacion",DERIVED_AND_DISCLOSED,Encabezados reetiquetados como planning estimate. Nota de metodologia visible. Sin cifras en title.,2026-08-12
/pages/patent-lawyer-cost,Bandas de coste por area de practica y presupuesto de trabajo,estimacion derivada,Clio Lawyer Rates / BLS OES,no existe fuente primaria publica de importes facturados,2026,EE.UU.,"benchmark de mercado ajustado por area y nivel de mercado; BLS mide salarios, no facturacion",DERIVED_AND_DISCLOSED,Encabezados reetiquetados como planning estimate. Nota de metodologia visible. Sin cifras en title.,2026-08-12
/pages/personal-injury-lawyer-cost,Bandas de coste por area de practica y presupuesto de trabajo,estimacion derivada,Clio Lawyer Rates / BLS OES,no existe fuente primaria publica de importes facturados,2026,EE.UU.,"benchmark de mercado ajustado por area y nivel de mercado; BLS mide salarios, no facturacion",DERIVED_AND_DISCLOSED,Encabezados reetiquetados como planning estimate. Nota de metodologia visible. Sin cifras en title.,2026-08-12
/pages/power-of-attorney-cost,Bandas de coste por area de practica y presupuesto de trabajo,estimacion derivada,Clio Lawyer Rates / BLS OES,no existe fuente primaria publica de importes facturados,2026,EE.UU.,"benchmark de mercado ajustado por area y nivel de mercado; BLS mide salarios, no facturacion",DERIVED_AND_DISCLOSED,Encabezados reetiquetados como planning estimate. Nota de metodologia visible. Sin cifras en title.,2026-08-12
/pages/real-estate-lawyer-cost,Bandas de coste por area de practica y presupuesto de trabajo,estimacion derivada,Clio Lawyer Rates / BLS OES,no existe fuente primaria publica de importes facturados,2026,EE.UU.,"benchmark de mercado ajustado por area y nivel de mercado; BLS mide salarios, no facturacion",DERIVED_AND_DISCLOSED,Encabezados reetiquetados como planning estimate. Nota de metodologia visible. Sin cifras en title.,2026-08-12
/pages/roundup-lawsuit-cost,Bandas de coste por area de practica y presupuesto de trabajo,estimacion derivada,Clio Lawyer Rates / BLS OES,no existe fuente primaria publica de importes facturados,2026,EE.UU.,"benchmark de mercado ajustado por area y nivel de mercado; BLS mide salarios, no facturacion",DERIVED_AND_DISCLOSED,Encabezados reetiquetados como planning estimate. Nota de metodologia visible. Sin cifras en title.,2026-08-12
/pages/small-claims-court-cost,Bandas de coste por area de practica y presupuesto de trabajo,estimacion derivada,Clio Lawyer Rates / BLS OES,no existe fuente primaria publica de importes facturados,2026,EE.UU.,"benchmark de mercado ajustado por area y nivel de mercado; BLS mide salarios, no facturacion",DERIVED_AND_DISCLOSED,Encabezados reetiquetados como planning estimate. Nota de metodologia visible. Sin cifras en title.,2026-08-12
/pages/social-security-disability-lawyer-cost,Bandas de coste por area de practica y presupuesto de trabajo,estimacion derivada,Clio Lawyer Rates / BLS OES,no existe fuente primaria publica de importes facturados,2026,EE.UU.,"benchmark de mercado ajustado por area y nivel de mercado; BLS mide salarios, no facturacion",DERIVED_AND_DISCLOSED,Encabezados reetiquetados como planning estimate. Nota de metodologia visible. Sin cifras en title.,2026-08-12
/pages/surgical-error-lawyer-cost,Bandas de coste por area de practica y presupuesto de trabajo,estimacion derivada,Clio Lawyer Rates / BLS OES,no existe fuente primaria publica de importes facturados,2026,EE.UU.,"benchmark de mercado ajustado por area y nivel de mercado; BLS mide salarios, no facturacion",DERIVED_AND_DISCLOSED,Encabezados reetiquetados como planning estimate. Nota de metodologia visible. Sin cifras en title.,2026-08-12
/pages/talcum-powder-lawsuit-cost,Bandas de coste por area de practica y presupuesto de trabajo,estimacion derivada,Clio Lawyer Rates / BLS OES,no existe fuente primaria publica de importes facturados,2026,EE.UU.,"benchmark de mercado ajustado por area y nivel de mercado; BLS mide salarios, no facturacion",DERIVED_AND_DISCLOSED,Encabezados reetiquetados como planning estimate. Nota de metodologia visible. Sin cifras en title.,2026-08-12
/pages/trademark-lawyer-cost,Bandas de coste por area de practica y presupuesto de trabajo,estimacion derivada,Clio Lawyer Rates / BLS OES,no existe fuente primaria publica de importes facturados,2026,EE.UU.,"benchmark de mercado ajustado por area y nivel de mercado; BLS mide salarios, no facturacion",DERIVED_AND_DISCLOSED,Encabezados reetiquetados como planning estimate. Nota de metodologia visible. Sin cifras en title.,2026-08-12
/pages/truck-accident-lawyer-cost,Bandas de coste por area de practica y presupuesto de trabajo,estimacion derivada,Clio Lawyer Rates / BLS OES,no existe fuente primaria publica de importes facturados,2026,EE.UU.,"benchmark de mercado ajustado por area y nivel de mercado; BLS mide salarios, no facturacion",DERIVED_AND_DISCLOSED,Encabezados reetiquetados como planning estimate. Nota de metodologia visible. Sin cifras en title.,2026-08-12
/pages/uber-lyft-accident-lawyer-cost,Bandas de coste por area de practica y presupuesto de trabajo,estimacion derivada,Clio Lawyer Rates / BLS OES,no existe fuente primaria publica de importes facturados,2026,EE.UU.,"benchmark de mercado ajustado por area y nivel de mercado; BLS mide salarios, no facturacion",DERIVED_AND_DISCLOSED,Encabezados reetiquetados como planning estimate. Nota de metodologia visible. Sin cifras en title.,2026-08-12
/pages/white-collar-crime-lawyer-cost,Bandas de coste por area de practica y presupuesto de trabajo,estimacion derivada,Clio Lawyer Rates / BLS OES,no existe fuente primaria publica de importes facturados,2026,EE.UU.,"benchmark de mercado ajustado por area y nivel de mercado; BLS mide salarios, no facturacion",DERIVED_AND_DISCLOSED,Encabezados reetiquetados como planning estimate. Nota de metodologia visible. Sin cifras en title.,2026-08-12
/pages/will-cost-guide,Bandas de coste por area de practica y presupuesto de trabajo,estimacion derivada,Clio Lawyer Rates / BLS OES,no existe fuente primaria publica de importes facturados,2026,EE.UU.,"benchmark de mercado ajustado por area y nivel de mercado; BLS mide salarios, no facturacion",DERIVED_AND_DISCLOSED,Encabezados reetiquetados como planning estimate. Nota de metodologia visible. Sin cifras en title.,2026-08-12
/pages/workers-comp-lawyer-cost,Bandas de coste por area de practica y presupuesto de trabajo,estimacion derivada,Clio Lawyer Rates / BLS OES,no existe fuente primaria publica de importes facturados,2026,EE.UU.,"benchmark de mercado ajustado por area y nivel de mercado; BLS mide salarios, no facturacion",DERIVED_AND_DISCLOSED,Encabezados reetiquetados como planning estimate. Nota de metodologia visible. Sin cifras en title.,2026-08-12
/pages/wrongful-termination-lawyer-cost,Bandas de coste por area de practica y presupuesto de trabajo,estimacion derivada,Clio Lawyer Rates / BLS OES,no existe fuente primaria publica de importes facturados,2026,EE.UU.,"benchmark de mercado ajustado por area y nivel de mercado; BLS mide salarios, no facturacion",DERIVED_AND_DISCLOSED,Encabezados reetiquetados como planning estimate. Nota de metodologia visible. Sin cifras en title.,2026-08-12
"/pages/*, /states/*",Tasas de presentacion judicial federales,tasa oficial,U.S. Courts fee schedules,uscourts.gov,2026,EE.UU. federal,transcripcion directa,VERIFIED,Sin cambios. Enlazado a la fuente.,2026-08-12
todo el sitio,"""No attorney referral revenue, no affiliate relationships, no paid placements""",declaracion editorial,inspeccion del repositorio,-,2026-08-12,-,recuento automatico,VERIFIED,"Se mantiene: 0 enlaces de afiliado, 0 formularios de lead, 0 rel=sponsored en las 114 paginas.",2026-08-12
/authors/javi-perez/,"""Javi is not an attorney, not a licensed paralegal""",declaracion editorial,declaracion del editor,-,2026-08-12,-,-,VERIFIED,Se mantiene.,2026-08-12
