question_query,impr_3m,clicks_3m,avg_position,best_existing_url,n_urls_competing,source_availability,recommended_action
how much does a lawyer cost,876,0,42.1,/states/louisiana-lawyer-costs,50,sin fuente oficial unica: responder como estimacion declarada,Respuesta breve y atribuible al inicio de la URL existente. NO crear pagina nueva.
how much does it cost for a lawyer to represent you in court,475,4,8.9,/states/new-york-lawyer-costs,50,sin fuente oficial unica: responder como estimacion declarada,Respuesta breve y atribuible al inicio de la URL existente. NO crear pagina nueva.
how much is a consultation with a lawyer,383,0,66.0,/pages/lawyer-consultation-fee,11,sin fuente oficial unica: responder como estimacion declarada,Respuesta breve y atribuible al inicio de la URL existente. NO crear pagina nueva.
how much does a criminal lawyer cost,286,0,71.8,/pages/criminal-defense-lawyer-cost,7,sin fuente oficial unica: responder como estimacion declarada,Respuesta breve y atribuible al inicio de la URL existente. NO crear pagina nueva.
how much does a good lawyer cost,213,1,62.2,/pages/how-much-does-a-lawyer-cost,20,sin fuente oficial unica: responder como estimacion declarada,Respuesta breve y atribuible al inicio de la URL existente. NO crear pagina nueva.
how much does an attorney cost,190,1,33.5,/pages/how-much-does-a-lawyer-cost,42,sin fuente oficial unica: responder como estimacion declarada,Respuesta breve y atribuible al inicio de la URL existente. NO crear pagina nueva.
how much do lawyers cost,178,0,32.5,/states/new-york-lawyer-costs,35,sin fuente oficial unica: responder como estimacion declarada,Respuesta breve y atribuible al inicio de la URL existente. NO crear pagina nueva.
how much is a lawyer,171,0,41.7,/states/new-york-lawyer-costs,37,sin fuente oficial unica: responder como estimacion declarada,Respuesta breve y atribuible al inicio de la URL existente. NO crear pagina nueva.
how much does a business lawyer cost,160,0,63.7,/pages/business-lawyer-cost,6,sin fuente oficial unica: responder como estimacion declarada,Respuesta breve y atribuible al inicio de la URL existente. NO crear pagina nueva.
how much are lawyers,154,0,26.1,/states/new-york-lawyer-costs,36,sin fuente oficial unica: responder como estimacion declarada,Respuesta breve y atribuible al inicio de la URL existente. NO crear pagina nueva.
how much is an attorney,133,1,34.5,/pages/how-much-does-a-lawyer-cost,39,sin fuente oficial unica: responder como estimacion declarada,Respuesta breve y atribuible al inicio de la URL existente. NO crear pagina nueva.
how much is a attorney,119,0,31.4,/states/idaho-lawyer-costs,29,sin fuente oficial unica: responder como estimacion declarada,Respuesta breve y atribuible al inicio de la URL existente. NO crear pagina nueva.
how much does a criminal defense attorney cost,99,0,63.5,/pages/criminal-defense-lawyer-cost,6,sin fuente oficial unica: responder como estimacion declarada,Respuesta breve y atribuible al inicio de la URL existente. NO crear pagina nueva.
how much does an employment lawyer cost,92,0,55.3,/pages/employment-lawyer-cost,2,sin fuente oficial unica: responder como estimacion declarada,Respuesta breve y atribuible al inicio de la URL existente. NO crear pagina nueva.
how much does a divorce lawyer cost,84,0,68.9,/states/maryland-lawyer-costs,8,sin fuente oficial unica: responder como estimacion declarada,Respuesta breve y atribuible al inicio de la URL existente. NO crear pagina nueva.
how much does a divorce lawyer cost in virginia,79,0,80.2,/states/virginia-lawyer-costs,1,sin fuente oficial unica: responder como estimacion declarada,Respuesta breve y atribuible al inicio de la URL existente. NO crear pagina nueva.
how much for attorney,78,0,61.6,/states/south-carolina-lawyer-costs,21,sin fuente oficial unica: responder como estimacion declarada,Respuesta breve y atribuible al inicio de la URL existente. NO crear pagina nueva.
how much does a prenup cost in maryland,75,0,73.6,/states/maryland-lawyer-costs,1,sin fuente oficial unica: responder como estimacion declarada,Respuesta breve y atribuible al inicio de la URL existente. NO crear pagina nueva.
how much does a traffic lawyer cost in virginia,71,0,67.2,/states/virginia-lawyer-costs,1,sin fuente oficial unica: responder como estimacion declarada,Respuesta breve y atribuible al inicio de la URL existente. NO crear pagina nueva.
how much dui lawyer cost,70,0,64.6,/pages/dui-lawyer-cost,2,sin fuente oficial unica: responder como estimacion declarada,Respuesta breve y atribuible al inicio de la URL existente. NO crear pagina nueva.
how much do traffic lawyers cost in virginia,70,0,62.9,/states/virginia-lawyer-costs,1,sin fuente oficial unica: responder como estimacion declarada,Respuesta breve y atribuible al inicio de la URL existente. NO crear pagina nueva.
how much are lawyer fees,64,0,21.4,/states/new-york-lawyer-costs,22,sin fuente oficial unica: responder como estimacion declarada,Respuesta breve y atribuible al inicio de la URL existente. NO crear pagina nueva.
how much does a civil lawyer cost,61,0,12.2,/states/new-york-lawyer-costs,25,sin fuente oficial unica: responder como estimacion declarada,Respuesta breve y atribuible al inicio de la URL existente. NO crear pagina nueva.
how much is a divorce lawyer,60,0,71.7,/pages/divorce-lawyer-cost,5,sin fuente oficial unica: responder como estimacion declarada,Respuesta breve y atribuible al inicio de la URL existente. NO crear pagina nueva.
how much does a lawyer cost near me,60,0,46.5,/states/louisiana-lawyer-costs,1,sin fuente oficial unica: responder como estimacion declarada,Respuesta breve y atribuible al inicio de la URL existente. NO crear pagina nueva.
how much are dui lawyers,60,0,67.7,/pages/dui-lawyer-cost,2,sin fuente oficial unica: responder como estimacion declarada,Respuesta breve y atribuible al inicio de la URL existente. NO crear pagina nueva.
how much does a personal injury lawyer cost,59,0,65.1,/pages/personal-injury-lawyer-cost,5,sin fuente oficial unica: responder como estimacion declarada,Respuesta breve y atribuible al inicio de la URL existente. NO crear pagina nueva.
how much for a lawyer to represent you in court,57,1,24.0,/states/south-carolina-lawyer-costs,28,sin fuente oficial unica: responder como estimacion declarada,Respuesta breve y atribuible al inicio de la URL existente. NO crear pagina nueva.
how much does a personal injury lawyer cost in new mexico,55,0,50.8,/states/new-mexico-lawyer-costs,1,sin fuente oficial unica: responder como estimacion declarada,Respuesta breve y atribuible al inicio de la URL existente. NO crear pagina nueva.
how much does a criminal defense lawyer cost,55,0,32.2,/pages/criminal-defense-lawyer-cost,7,sin fuente oficial unica: responder como estimacion declarada,Respuesta breve y atribuible al inicio de la URL existente. NO crear pagina nueva.
how much do lawyers charge,55,0,44.6,/states/new-york-lawyer-costs,13,sin fuente oficial unica: responder como estimacion declarada,Respuesta breve y atribuible al inicio de la URL existente. NO crear pagina nueva.
how much does a personal injury lawyer cost sc,54,0,76.0,/states/south-carolina-lawyer-costs,1,sin fuente oficial unica: responder como estimacion declarada,Respuesta breve y atribuible al inicio de la URL existente. NO crear pagina nueva.
how much does it cost for a lawyer,51,0,44.0,/pages/how-much-does-a-lawyer-cost,18,sin fuente oficial unica: responder como estimacion declarada,Respuesta breve y atribuible al inicio de la URL existente. NO crear pagina nueva.
how much is a small claims lawyer,49,0,16.9,/states/new-york-lawyer-costs,22,fuente oficial .gov disponible,Respuesta breve y atribuible al inicio de la URL existente. NO crear pagina nueva.
how much is a civil lawyer,49,0,19.9,/states/new-york-lawyer-costs,23,sin fuente oficial unica: responder como estimacion declarada,Respuesta breve y atribuible al inicio de la URL existente. NO crear pagina nueva.
how much do lawyers charge per hour,49,0,23.3,/states/tennessee-lawyer-costs,23,sin fuente oficial unica: responder como estimacion declarada,Respuesta breve y atribuible al inicio de la URL existente. NO crear pagina nueva.
how much does a dui lawyer cost,48,0,73.3,/pages/dui-lawyer-cost,2,sin fuente oficial unica: responder como estimacion declarada,Respuesta breve y atribuible al inicio de la URL existente. NO crear pagina nueva.
how much does it cost to hire a lawyer,46,0,25.3,/states/new-york-lawyer-costs,21,sin fuente oficial unica: responder como estimacion declarada,Respuesta breve y atribuible al inicio de la URL existente. NO crear pagina nueva.
how much does a lawyer cost per hour,45,0,24.5,/states/colorado-lawyer-costs,20,sin fuente oficial unica: responder como estimacion declarada,Respuesta breve y atribuible al inicio de la URL existente. NO crear pagina nueva.
how much are attorney fees,45,0,29.5,/states/new-york-lawyer-costs,17,sin fuente oficial unica: responder como estimacion declarada,Respuesta breve y atribuible al inicio de la URL existente. NO crear pagina nueva.
how much does lawyers charge in chalmette la,44,0,34.8,/states/louisiana-lawyer-costs,1,sin fuente oficial unica: responder como estimacion declarada,Respuesta breve y atribuible al inicio de la URL existente. NO crear pagina nueva.
how much does a small claims lawyer cost,44,0,19.5,/pages/small-claims-filing-fee-calculator,24,fuente oficial .gov disponible,Respuesta breve y atribuible al inicio de la URL existente. NO crear pagina nueva.
how much does a consumer protection lawyer cost,44,0,26.7,/states/california-lawyer-costs,14,sin fuente oficial unica: responder como estimacion declarada,Respuesta breve y atribuible al inicio de la URL existente. NO crear pagina nueva.
how much does it cost to get a lawyer,43,0,21.3,/states/kentucky-lawyer-costs,22,sin fuente oficial unica: responder como estimacion declarada,Respuesta breve y atribuible al inicio de la URL existente. NO crear pagina nueva.
how much are court fees in nj,43,0,27.5,/states/new-jersey-lawyer-costs,1,sin fuente oficial unica: responder como estimacion declarada,Respuesta breve y atribuible al inicio de la URL existente. NO crear pagina nueva.
how much a lawyer cost,43,0,29.2,/states/new-york-lawyer-costs,24,sin fuente oficial unica: responder como estimacion declarada,Respuesta breve y atribuible al inicio de la URL existente. NO crear pagina nueva.
how much does kevin reddington charge,41,0,1.0,/states/massachusetts-lawyer-costs,1,sin fuente oficial unica: responder como estimacion declarada,Respuesta breve y atribuible al inicio de la URL existente. NO crear pagina nueva.
how much is a lawyer consultation fee,40,0,51.0,/pages/lawyer-consultation-fee,7,sin fuente oficial unica: responder como estimacion declarada,Respuesta breve y atribuible al inicio de la URL existente. NO crear pagina nueva.
how much does a will cost in kentucky,40,0,18.6,/states/kentucky-lawyer-costs,1,sin fuente oficial unica: responder como estimacion declarada,Respuesta breve y atribuible al inicio de la URL existente. NO crear pagina nueva.
how much is a defense attorney,38,0,44.7,/pages/criminal-defense-lawyer-cost,9,sin fuente oficial unica: responder como estimacion declarada,Respuesta breve y atribuible al inicio de la URL existente. NO crear pagina nueva.
how much does a attorney cost,37,0,22.6,/states/south-carolina-lawyer-costs,24,sin fuente oficial unica: responder como estimacion declarada,Respuesta breve y atribuible al inicio de la URL existente. NO crear pagina nueva.
what is a contingency fee,35,0,70.0,/pages/contingency-fee-explained,1,sin fuente oficial unica: responder como estimacion declarada,Respuesta breve y atribuible al inicio de la URL existente. NO crear pagina nueva.
how much does it cost to talk to a lawyer,35,0,59.8,/states/new-york-lawyer-costs,8,sin fuente oficial unica: responder como estimacion declarada,Respuesta breve y atribuible al inicio de la URL existente. NO crear pagina nueva.
how much is it to hire a lawyer,34,0,30.3,/states/minnesota-lawyer-costs,14,sin fuente oficial unica: responder como estimacion declarada,Respuesta breve y atribuible al inicio de la URL existente. NO crear pagina nueva.
how much does a lawyer cost for small claims court,33,0,10.4,/states/tennessee-lawyer-costs,18,fuente oficial .gov disponible,Respuesta breve y atribuible al inicio de la URL existente. NO crear pagina nueva.
how much does lawyers cost,32,0,47.7,/pages/how-much-does-a-lawyer-cost,14,sin fuente oficial unica: responder como estimacion declarada,Respuesta breve y atribuible al inicio de la URL existente. NO crear pagina nueva.
how much does a lawyer charge for chapter 7,32,0,47.5,/pages/bankruptcy-lawyer-cost,2,sin fuente oficial unica: responder como estimacion declarada,Respuesta breve y atribuible al inicio de la URL existente. NO crear pagina nueva.
how much are attorneys,32,0,22.9,/states/indiana-lawyer-costs,17,sin fuente oficial unica: responder como estimacion declarada,Respuesta breve y atribuible al inicio de la URL existente. NO crear pagina nueva.
how much is attorney,31,0,64.6,/states/south-carolina-lawyer-costs,16,sin fuente oficial unica: responder como estimacion declarada,Respuesta breve y atribuible al inicio de la URL existente. NO crear pagina nueva.
how much does a divorce lawyer cost in indiana,31,0,56.5,/states/indiana-lawyer-costs,2,sin fuente oficial unica: responder como estimacion declarada,Respuesta breve y atribuible al inicio de la URL existente. NO crear pagina nueva.
how much attorney cost,31,0,33.3,/states/new-york-lawyer-costs,15,sin fuente oficial unica: responder como estimacion declarada,Respuesta breve y atribuible al inicio de la URL existente. NO crear pagina nueva.
how much does an estate planning lawyer charge,29,0,67.7,/pages/estate-planning-lawyer-cost,1,sin fuente oficial unica: responder como estimacion declarada,Respuesta breve y atribuible al inicio de la URL existente. NO crear pagina nueva.
how much does a dui lawyer cost virginia,29,0,34.3,/states/virginia-lawyer-costs,1,sin fuente oficial unica: responder como estimacion declarada,Respuesta breve y atribuible al inicio de la URL existente. NO crear pagina nueva.
how much do business lawyers cost,29,0,50.6,/states/new-york-lawyer-costs,2,sin fuente oficial unica: responder como estimacion declarada,Respuesta breve y atribuible al inicio de la URL existente. NO crear pagina nueva.
how much is a lawyer for small claims court,28,0,16.1,/states/south-carolina-lawyer-costs,19,fuente oficial .gov disponible,Respuesta breve y atribuible al inicio de la URL existente. NO crear pagina nueva.
how much does a civil attorney cost,28,0,19.0,/states/new-york-lawyer-costs,15,sin fuente oficial unica: responder como estimacion declarada,Respuesta breve y atribuible al inicio de la URL existente. NO crear pagina nueva.
how much does a business attorney cost in denver,28,0,47.9,/states/colorado-lawyer-costs,1,sin fuente oficial unica: responder como estimacion declarada,Respuesta breve y atribuible al inicio de la URL existente. NO crear pagina nueva.
how much lawyer cost,27,0,52.9,/states/new-york-lawyer-costs,13,sin fuente oficial unica: responder como estimacion declarada,Respuesta breve y atribuible al inicio de la URL existente. NO crear pagina nueva.
how much does a business attorney cost,27,0,64.0,/pages/business-lawyer-cost,4,sin fuente oficial unica: responder como estimacion declarada,Respuesta breve y atribuible al inicio de la URL existente. NO crear pagina nueva.
how much does personal injury lawyer cost,26,0,69.6,/pages/personal-injury-lawyer-cost,1,sin fuente oficial unica: responder como estimacion declarada,Respuesta breve y atribuible al inicio de la URL existente. NO crear pagina nueva.
how much is a criminal lawyer,25,0,56.2,/pages/criminal-defense-lawyer-cost,4,sin fuente oficial unica: responder como estimacion declarada,Respuesta breve y atribuible al inicio de la URL existente. NO crear pagina nueva.
