rank,page_path,classes,clicks_3m,impr_3m,ctr_3m_pct,pos_3m,clicks_28d,impr_28d,pos_28d,clicks_prev28d,impr_prev28d,clicks_delta_pct,impr_delta_pct,band_median_ctr_pct,est_extra_clicks_3m_if_median
1,/states/connecticut-lawyer-costs,BC,9,1590,0.566,10.9,5,841,10.3,3,464,66.7,81.2,1.228,10.5
2,/states/pennsylvania-lawyer-costs,BC,6,1299,0.462,12.0,1,906,9.4,3,273,-66.7,231.9,1.086,8.1
3,/states/missouri-lawyer-costs,BC,15,2121,0.707,13.6,7,1031,11.4,3,443,133.3,132.7,1.086,8.0
4,/states/south-dakota-lawyer-costs,ABC,13,1562,0.832,8.6,9,1049,7.4,4,335,125.0,213.1,1.228,6.2
5,/states/arkansas-lawyer-costs,BCE,11,1389,0.792,9.3,4,783,9.3,6,422,-33.3,85.5,1.228,6.1
6,/states/ohio-lawyer-costs,C,3,891,0.337,17.4,2,510,15.0,0,282,,80.9,0.982,5.7
7,/states/kentucky-lawyer-costs,AC,24,2730,0.879,11.5,10,1305,8.6,10,933,0.0,39.9,1.086,5.6
8,/states/maryland-lawyer-costs,AC,17,2254,0.754,19.1,11,1422,15.8,3,490,266.7,190.2,0.982,5.1
9,/states/michigan-lawyer-costs,BC,6,866,0.693,14.7,2,589,10.0,3,172,-33.3,242.4,1.086,3.4
10,/pages/business-lawyer-cost,F,0,1426,0.0,58.5,0,557,46.4,0,500,,11.4,0.186,2.7
11,/states/kansas-lawyer-costs,AC,14,1362,1.028,9.6,12,724,8.5,1,379,1100.0,91.0,1.228,2.7
12,/pages/lawyer-consultation-fee,F,0,1321,0.0,58.1,0,571,47.8,0,438,,30.4,0.186,2.5
13,/states/rhode-island-lawyer-costs,C,8,827,0.967,9.4,2,404,7.6,3,254,-33.3,59.1,1.228,2.2
14,/states/west-virginia-lawyer-costs,C,14,1480,0.946,14.1,7,713,11.7,5,528,40.0,35.0,1.086,2.1
15,/states/georgia-lawyer-costs,C,3,511,0.587,19.0,3,317,14.0,0,127,,149.6,0.982,2.0
16,/states/north-carolina-lawyer-costs,C,4,897,0.446,24.5,2,415,13.1,2,230,0.0,80.4,0.656,1.9
17,/pages/criminal-defense-lawyer-cost,F,0,928,0.0,59.3,0,352,48.3,0,348,,1.1,0.186,1.7
18,/states/arizona-lawyer-costs,AC,17,1709,0.995,11.8,8,852,10.8,6,567,33.3,50.3,1.086,1.6
19,/pages/dui-lawyer-cost,F,0,531,0.0,56.2,0,316,56.1,0,168,,88.1,0.186,1.0
20,/states/virginia-lawyer-costs,A,13,2114,0.615,26.0,9,1006,17.3,4,654,125.0,53.8,0.656,0.9
21,/states/nebraska-lawyer-costs,C,10,1001,0.999,13.3,4,439,8.2,3,372,33.3,18.0,1.086,0.9
22,/states/vermont-lawyer-costs,C,7,644,1.087,8.5,5,304,6.7,2,210,150.0,44.8,1.228,0.9
23,/pages/legal-fee-calculator,F,0,363,0.0,55.8,0,123,49.2,0,92,,33.7,0.186,0.7
24,/states/new-jersey-lawyer-costs,AC,30,2822,1.063,11.5,14,1434,8.3,14,804,0.0,78.4,1.086,0.6
25,/pages/how-much-does-a-lawyer-cost,E,1,849,0.118,59.2,1,184,48.3,0,339,,-45.7,0.186,0.6
26,/pages/employment-lawyer-cost,F,2,1195,0.167,43.0,2,381,32.1,0,424,,-10.1,0.186,0.2
27,/states/alabama-lawyer-costs,C,22,2039,1.079,12.4,9,806,8.1,11,504,-18.2,59.9,1.086,0.1
28,/states/new-york-lawyer-costs,A,12,4264,0.281,28.3,11,2318,19.5,1,1223,1000.0,89.5,0.186,0
29,/states/louisiana-lawyer-costs,A,20,4142,0.483,32.5,13,1239,19.1,5,1615,160.0,-23.3,0.186,0
30,/states/south-carolina-lawyer-costs,A,24,3183,0.754,32.4,12,1352,17.9,11,1035,9.1,30.6,0.186,0
31,/states/massachusetts-lawyer-costs,AC,35,3037,1.152,12.7,17,1849,10.9,14,895,21.4,106.6,1.086,0
32,/states/colorado-lawyer-costs,AC,25,2546,0.982,18.1,12,1177,14.9,5,694,140.0,69.6,0.982,0
33,/states/utah-lawyer-costs,C,18,2301,0.782,22.3,7,927,17.7,6,690,16.7,34.3,0.656,0
34,/states/wisconsin-lawyer-costs,AC,15,2288,0.656,23.7,8,1130,15.7,7,781,14.3,44.7,0.656,0
35,/states/minnesota-lawyer-costs,AC,27,2231,1.21,12.0,17,1207,10.6,8,613,112.5,96.9,1.086,0
36,/states/tennessee-lawyer-costs,AC,13,1960,0.663,23.3,12,1136,23.4,1,521,1100.0,118.0,0.656,0
37,/states/mississippi-lawyer-costs,AC,20,1825,1.096,16.7,12,854,13.8,3,641,300.0,33.2,0.982,0
38,/states/indiana-lawyer-costs,AC,21,1716,1.224,13.7,14,1004,11.9,7,403,100.0,149.1,1.086,0
39,/states/california-lawyer-costs,F,7,1672,0.419,48.7,6,482,22.5,0,429,,12.4,0.186,0
40,/states/washington-lawyer-costs,AC,17,1543,1.102,12.8,11,923,11.1,5,397,120.0,132.5,1.086,0
41,/states/new-mexico-lawyer-costs,AC,21,1505,1.395,12.7,8,801,9.4,6,410,33.3,95.4,1.086,0
42,/states/oklahoma-lawyer-costs,AC,19,1475,1.288,17.1,10,822,13.0,7,439,42.9,87.2,0.982,0
43,/states/oregon-lawyer-costs,AC,17,1449,1.173,11.0,10,768,10.1,3,390,233.3,96.9,1.086,0
44,/states/idaho-lawyer-costs,AC,13,1197,1.086,11.0,9,642,8.6,2,353,350.0,81.9,1.086,0
45,/states/nevada-lawyer-costs,C,17,1194,1.424,11.4,7,678,11.8,8,406,-12.5,67.0,1.086,0
46,/states/iowa-lawyer-costs,C,15,1193,1.257,11.0,6,572,9.9,8,386,-25.0,48.2,1.086,0
47,/states/new-hampshire-lawyer-costs,AC,17,1176,1.446,8.3,8,503,7.7,6,402,33.3,25.1,1.228,0
48,/states/maine-lawyer-costs,A,22,1137,1.935,7.7,12,574,6.7,8,391,50.0,46.8,1.228,0
49,/states/hawaii-lawyer-costs,C,16,1111,1.44,10.1,7,560,8.8,3,353,133.3,58.6,1.228,0
50,/states/texas-lawyer-costs,F,4,1046,0.382,46.3,3,482,35.5,0,285,,69.1,0.186,0
51,/states/delaware-lawyer-costs,A,17,968,1.756,7.7,11,555,7.7,5,294,120.0,88.8,1.228,0
52,/states/montana-lawyer-costs,C,10,730,1.37,8.2,5,393,6.7,2,192,150.0,104.7,1.228,0
53,/states/alaska-lawyer-costs,AC,15,717,2.092,18.7,8,305,13.2,4,258,100.0,18.2,0.982,0
54,/states/illinois-lawyer-costs,F,4,682,0.587,26.5,3,391,20.2,1,179,200.0,118.4,0.186,0
55,/states/north-dakota-lawyer-costs,C,8,589,1.358,11.5,7,294,9.3,0,173,,69.9,1.086,0
56,/states/wyoming-lawyer-costs,CE,8,512,1.562,8.4,3,273,7.7,5,145,-40.0,88.3,1.228,0
57,/states/florida-lawyer-costs,F,1,489,0.204,43.4,1,195,36.4,0,165,,18.2,0.186,0
58,/pages/estate-planning-lawyer-cost,F,0,291,0.0,64.1,0,56,50.9,0,97,,-42.3,0.186,0
59,/,F,2,231,0.866,57.6,2,116,50.7,0,76,,52.6,0.186,0
60,/pages/can-i-afford-a-lawyer,F,0,215,0.0,58.9,0,76,46.4,0,90,,-15.6,0.186,0
61,/pages/contingency-fee-explained,F,0,205,0.0,57.5,0,139,50.2,0,35,,297.1,0.186,0
62,/pages/hourly-vs-flat-fee-lawyer,F,0,181,0.0,24.6,0,105,13.4,0,34,,208.8,0.656,0
63,/pages/personal-injury-lawyer-cost,F,0,178,0.0,55.6,0,115,58.2,0,40,,187.5,0.186,0
64,/pages/lawyer-cost-calculator,F,2,175,1.143,36.3,0,45,37.6,0,43,,4.7,0.186,0
65,/pages/immigration-lawyer-cost,F,0,172,0.0,51.4,0,131,41.5,0,21,,523.8,0.186,0
66,/pages/mesothelioma-settlement-calculator,F,1,172,0.581,50.3,1,43,50.4,0,41,,4.9,0.186,0
67,/pages/real-estate-lawyer-cost,F,0,165,0.0,51.8,0,114,43.2,0,37,,208.1,0.186,0
68,/pages/mesothelioma-lawyer-cost,F,0,161,0.0,39.9,0,61,29.4,0,34,,79.4,0.186,0
69,/pages/bankruptcy-lawyer-cost,F,1,159,0.629,61.5,1,79,56.9,0,65,,21.5,0.186,0
70,/pages/small-claims-filing-fee-calculator,F,3,136,2.206,34.9,2,26,51.3,0,26,,0.0,0.186,0
71,/pages/divorce-lawyer-cost,F,0,132,0.0,69.0,0,45,63.9,0,62,,-27.4,0.186,0
72,/states/,F,2,103,1.942,17.2,1,65,16.9,1,29,0.0,124.1,0.982,0
73,/contact,F,0,97,0.0,85.3,0,33,68.8,0,35,,-5.7,0.186,0
74,/pages/personal-injury-settlement-calculator,F,0,80,0.0,85.0,0,21,89.6,0,35,,-40.0,0.186,0
75,/pages/contingency-fee-calculator,F,0,64,0.0,15.5,0,33,13.5,0,17,,94.1,1.086,0
76,/pages/legal-aid-guide,F,0,64,0.0,54.2,0,22,52.2,0,21,,4.8,0.186,0
77,/about,F,1,32,3.125,21.8,1,11,14.2,0,8,,37.5,0.656,0
78,/how-we-research,F,0,29,0.0,19.8,0,11,22.4,0,10,,10.0,0.982,0
79,/authors/javi-perez/,F,0,28,0.0,12.4,0,13,20.9,0,10,,30.0,1.086,0
80,/editorial-policy,F,0,28,0.0,13.0,0,12,18.7,0,10,,20.0,1.086,0
81,/pages/white-collar-crime-lawyer-cost,F,0,28,0.0,9.7,0,12,8.2,0,2,,500.0,1.228,0
82,/pages/roundup-lawsuit-cost,F,0,27,0.0,7.5,0,0,0,0,0,,,1.228,0
83,/pages/drug-trafficking-lawyer-cost,F,0,18,0.0,7.8,0,1,9.0,0,0,,,1.228,0
84,/terms,F,0,18,0.0,62.2,0,3,55.7,0,9,,-66.7,0.186,0
85,/pages/power-of-attorney-cost,F,0,17,0.0,17.5,0,8,22.0,0,7,,14.3,0.982,0
86,/pages/trademark-lawyer-cost,F,0,11,0.0,20.8,0,8,21.6,0,0,,,0.982,0
87,/pages/landlord-tenant-lawyer-cost,F,0,8,0.0,39.9,0,2,44.0,0,3,,-33.3,0.186,0
88,/privacy-policy,F,0,6,0.0,47.0,0,3,78.3,0,3,,0.0,0.186,0
89,/pages/small-claims-court-cost,F,0,5,0.0,4.6,0,0,0,0,0,,,,0
90,/disclaimer,F,0,4,0.0,56.2,0,4,56.2,0,0,,,0.186,0
91,/pages/notary-cost-guide,F,0,4,0.0,8.3,0,0,0,0,0,,,1.228,0
92,/pages/birth-injury-lawyer-cost,F,0,3,0.0,37.3,0,0,0,0,0,,,0.186,0
93,/pages/how-much-does-a-lawsuit-cost,F,0,3,0.0,7.7,0,1,7.0,0,1,,0.0,1.228,0
94,/pages/motorcycle-accident-lawyer-cost,F,0,2,0.0,29.5,0,0,0,0,0,,,0.186,0
95,/pages/uber-lyft-accident-lawyer-cost,F,0,2,0.0,13.0,0,0,0,0,0,,,1.086,0
96,/pages/will-cost-guide,F,0,2,0.0,7.0,0,0,0,0,0,,,1.228,0
97,/pages/wrongful-termination-lawyer-cost,F,0,2,0.0,5.5,0,0,0,0,2,,-100.0,,0
98,/pages/18-wheeler-accident-lawyer-cost,F,0,1,0.0,7.0,0,0,0,0,1,,-100.0,1.228,0
99,/pages/camp-lejeune-lawsuit-cost,F,0,1,0.0,9.0,0,0,0,0,0,,,1.228,0
100,/pages/federal-criminal-defense-lawyer-cost,F,0,1,0.0,12.0,0,0,0,0,0,,,1.086,0
