target_url,inlinks_before_a3a8187,inlinks_after,delta,outlinks_after,sample_anchors,note
/,208,208,0,141,LCLegalCostGuides | Home,
/.,21,21,0,0,LCLegalCostGuides | Home | How Much Does a Lawyer Cost? Real Data for Every Case Type,
/about,358,358,0,61,About | About LegalCostGuides,
/authors/javi-perez,177,177,0,63,Javi Pérez | Author Profile: Javi Pérez,
/contact,230,230,0,64,Contact | contact page | Contact LegalCostGuides,
/disclaimer,114,114,0,62,Disclaimer | Legal Disclaimer,
/editorial-policy,116,116,0,59,Editorial Policy,
/how-we-research,118,175,57,62,How We Research | research methodology page | how we research these numbers,gana enlaces
/pages/18-wheeler-accident-lawyer-cost,3,3,0,76,18 Wheeler Accident Lawyer Cost,
/pages/asbestos-lawsuit-cost,2,2,0,76,Asbestos Lawsuit Cost,
/pages/bankruptcy-lawyer-cost,362,362,0,73,Bankruptcy Lawyer | Bankruptcy Lawyer Cost,
/pages/birth-injury-lawyer-cost,3,3,0,76,Birth Injury Lawyer Cost,
/pages/business-lawyer-cost,245,245,0,74,Business Lawyer | Business Lawyer Cost | Colorado's most relevant practice-area guide,
/pages/camp-lejeune-lawsuit-cost,2,2,0,76,Camp Lejeune Lawsuit Cost,
/pages/can-i-afford-a-lawyer,18,18,0,76,Can I Afford a Lawyer?,
/pages/child-custody-lawyer-cost,2,2,0,76,Child Custody Lawyer Cost,
/pages/class-action-lawsuit-cost,4,4,0,76,Class Action Lawsuit Cost,
/pages/contingency-fee-calculator,164,118,-46,68,Contingency Fee Calculator,pierde enlaces (plantilla eliminada)
/pages/contingency-fee-explained,123,123,0,75,Contingency Fees | Contingency Fee Explained,
/pages/contingency-fee-lawyer-finder,3,3,0,79,Contingency Fee Lawyer Finder,
/pages/criminal-defense-lawyer-cost,370,370,0,73,Criminal Defense Lawyer | Criminal Defense Lawyer Cost | Alabama's most relevant practice-area guide,
/pages/divorce-lawyer-cost,372,372,0,73,Divorce Lawyer | Divorce Lawyer Cost | Arkansas's most relevant practice-area guide,
/pages/drug-trafficking-lawyer-cost,3,3,0,76,Drug Trafficking Lawyer Cost,
/pages/dui-lawyer-cost,365,365,0,73,DUI Lawyer | DUI Lawyer Cost | Arizona's most relevant practice-area guide,
/pages/employment-lawyer-cost,240,240,0,74,Employment Lawyer | Employment Lawyer Cost | Oregon's most relevant practice-area guide,
/pages/estate-planning-lawyer-cost,249,249,0,74,Estate Planning Lawyer | Estate Planning Lawyer Cost | Connecticut's most relevant practice-area guide,
/pages/federal-criminal-defense-lawyer-cost,4,4,0,76,Federal Criminal Defense Lawyer Cost,
/pages/hourly-vs-flat-fee-lawyer,169,163,-6,74,Hourly vs. Flat Fee Lawyer | Hourly vs. Flat Fee,pierde enlaces (plantilla eliminada)
/pages/how-much-does-a-lawsuit-cost,13,13,0,78,How Much Does a Lawsuit Cost?,
/pages/how-much-does-a-lawyer-cost,537,588,51,71,Legal Guides | How Much Does a Lawyer Cost? | how much a lawyer costs,gana enlaces
/pages/immigration-lawyer-cost,249,249,0,74,Immigration Lawyer | Immigration Lawyer Cost,
/pages/landlord-tenant-lawyer-cost,3,3,0,76,Landlord-Tenant Lawyer Cost,
/pages/lawyer-consultation-fee,233,189,-44,74,Lawyer Consultation Fee | Consultation Fees | consultation guide,pierde enlaces (plantilla eliminada)
/pages/lawyer-cost-calculator,425,379,-46,65,Calculators | Lawyer Cost Calculator | lawyer cost calculator,pierde enlaces (plantilla eliminada)
/pages/legal-aid-guide,127,127,0,75,Legal Aid Guide,
/pages/legal-fee-calculator,239,193,-46,67,Legal Fee Calculator | legal fee calculator,pierde enlaces (plantilla eliminada)
/pages/mediation-cost-guide,45,45,0,76,Mediation Cost Guide | mediation cost guide,
/pages/medical-malpractice-lawyer-cost,4,4,0,76,Medical Malpractice Lawyer Cost,
/pages/mesothelioma-lawyer-cost,7,7,0,76,Mesothelioma Lawyer Cost,
/pages/mesothelioma-settlement-calculator,75,75,0,68,Mesothelioma Settlement Calculator,
/pages/motorcycle-accident-lawyer-cost,4,4,0,76,Motorcycle Accident Lawyer Cost,
/pages/notary-cost-guide,2,2,0,76,Notary Cost Guide,
/pages/patent-lawyer-cost,3,3,0,76,Patent Lawyer Cost,
/pages/personal-injury-lawyer-cost,387,387,0,72,Personal Injury Lawyer | Practice-Area Guides | Personal Injury Lawyer Cost,
/pages/personal-injury-settlement-calculator,77,77,0,68,Personal Injury Settlement Calculator,
/pages/power-of-attorney-cost,5,5,0,76,Power of Attorney Cost,
/pages/real-estate-lawyer-cost,242,242,0,74,Real Estate Lawyer | Real Estate Lawyer Cost | Hawaii's most relevant practice-area guide,
/pages/roundup-lawsuit-cost,3,3,0,76,Roundup Lawsuit Cost,
/pages/small-claims-court-cost,5,5,0,76,Small Claims Court Cost,
/pages/small-claims-filing-fee-calculator,117,117,0,68,Small Claims Filing Fee Calculator | small claims filing fee calculator,
/pages/social-security-disability-lawyer-cost,1,1,0,76,Social Security Disability Lawyer Cost,
/pages/surgical-error-lawyer-cost,3,3,0,76,Surgical Error Lawyer Cost,
/pages/talcum-powder-lawsuit-cost,3,3,0,76,Talcum Powder Lawsuit Cost,
/pages/trademark-lawyer-cost,3,3,0,76,Trademark Lawyer Cost,
/pages/truck-accident-lawyer-cost,7,7,0,76,Truck Accident Lawyer Cost,
/pages/uber-lyft-accident-lawyer-cost,3,3,0,76,Uber &amp; Lyft Accident Lawyer Cost,
/pages/white-collar-crime-lawyer-cost,3,3,0,76,White Collar Crime Lawyer Cost,
/pages/will-cost-guide,3,3,0,76,Will Cost Guide,
/pages/workers-comp-lawyer-cost,2,2,0,76,Workers Comp Lawyer Cost,
/pages/wrongful-termination-lawyer-cost,2,2,0,76,Wrongful Termination Lawyer Cost,
/privacy-policy,227,227,0,61,privacy policy | Privacy Policy,
/states,128,128,0,106,State Guides,
/states/.,152,152,0,0,State Guides | States,
/states/alabama-lawyer-costs,9,9,0,66,Alabama | Alabama Lawyer Costs,
/states/alaska-lawyer-costs,3,3,0,64,Alaska | Alaska Lawyer Costs,
/states/arizona-lawyer-costs,9,9,0,68,Arizona | Arizona Lawyer Costs,
/states/arkansas-lawyer-costs,10,10,0,68,Arkansas | Arkansas Lawyer Costs,
/states/california-lawyer-costs,110,64,-46,81,state guides | California Lawyer Costs | California,pierde enlaces (plantilla eliminada)
/states/colorado-lawyer-costs,14,14,0,64,Colorado | Colorado Lawyer Costs,
/states/connecticut-lawyer-costs,10,10,0,67,Connecticut | Connecticut Lawyer Costs,
/states/delaware-lawyer-costs,8,8,0,67,Delaware | Delaware Lawyer Costs,
/states/florida-lawyer-costs,98,52,-46,80,Florida | Florida Lawyer Costs,pierde enlaces (plantilla eliminada)
/states/georgia-lawyer-costs,11,57,46,82,Georgia | Georgia Lawyer Costs,gana enlaces
/states/hawaii-lawyer-costs,3,3,0,64,Hawaii | Hawaii Lawyer Costs,
/states/idaho-lawyer-costs,15,15,0,68,Idaho | Idaho Lawyer Costs,
/states/illinois-lawyer-costs,105,59,-46,82,Illinois | Illinois Lawyer Costs,pierde enlaces (plantilla eliminada)
/states/indiana-lawyer-costs,7,7,0,68,Indiana | Indiana Lawyer Costs,
/states/iowa-lawyer-costs,12,12,0,66,Iowa | Iowa Lawyer Costs,
/states/kansas-lawyer-costs,9,9,0,66,Kansas | Kansas Lawyer Costs,
/states/kentucky-lawyer-costs,10,10,0,66,Kentucky | Kentucky Lawyer Costs,
/states/louisiana-lawyer-costs,6,6,0,65,Louisiana | Louisiana Lawyer Costs,
/states/maine-lawyer-costs,6,6,0,65,Maine | Maine Lawyer Costs,
/states/maryland-lawyer-costs,9,9,0,68,Maryland | Maryland Lawyer Costs,
/states/massachusetts-lawyer-costs,16,16,0,68,Massachusetts | Massachusetts Lawyer Costs,
/states/michigan-lawyer-costs,6,52,46,81,Michigan | Michigan Lawyer Costs,gana enlaces
/states/minnesota-lawyer-costs,9,9,0,66,Minnesota | Minnesota Lawyer Costs,
/states/mississippi-lawyer-costs,7,7,0,66,Mississippi | Mississippi Lawyer Costs,
/states/missouri-lawyer-costs,12,12,0,66,Missouri | Missouri Lawyer Costs,
/states/montana-lawyer-costs,10,10,0,68,Montana | Montana Lawyer Costs,
/states/nebraska-lawyer-costs,8,8,0,68,Nebraska | Nebraska Lawyer Costs,
/states/nevada-lawyer-costs,11,11,0,68,Nevada | Nevada Lawyer Costs,
/states/new-hampshire-lawyer-costs,12,12,0,67,New Hampshire | New Hampshire Lawyer Costs,
/states/new-jersey-lawyer-costs,8,8,0,65,New Jersey | New Jersey Lawyer Costs,
/states/new-mexico-lawyer-costs,7,7,0,68,New Mexico | New Mexico Lawyer Costs,
/states/new-york-lawyer-costs,105,59,-46,82,New York | New York Lawyer Costs,pierde enlaces (plantilla eliminada)
/states/north-carolina-lawyer-costs,9,55,46,82,North Carolina | North Carolina Lawyer Costs,gana enlaces
/states/north-dakota-lawyer-costs,9,9,0,67,North Dakota | North Dakota Lawyer Costs,
/states/ohio-lawyer-costs,13,59,46,82,Ohio | Ohio Lawyer Costs,gana enlaces
/states/oklahoma-lawyer-costs,9,9,0,68,Oklahoma | Oklahoma Lawyer Costs,
/states/oregon-lawyer-costs,13,13,0,68,Oregon | Oregon Lawyer Costs,
/states/pennsylvania-lawyer-costs,9,55,46,82,Pennsylvania | Pennsylvania Lawyer Costs,gana enlaces
/states/rhode-island-lawyer-costs,5,5,0,66,Rhode Island | Rhode Island Lawyer Costs,
/states/south-carolina-lawyer-costs,5,5,0,67,South Carolina | South Carolina Lawyer Costs,
/states/south-dakota-lawyer-costs,9,9,0,66,South Dakota | South Dakota Lawyer Costs,
/states/tennessee-lawyer-costs,10,10,0,68,Tennessee | Tennessee Lawyer Costs,
/states/texas-lawyer-costs,102,56,-46,82,Texas | Texas Lawyer Costs,pierde enlaces (plantilla eliminada)
/states/utah-lawyer-costs,8,8,0,68,Utah | Utah Lawyer Costs,
/states/vermont-lawyer-costs,5,5,0,67,Vermont | Vermont Lawyer Costs,
/states/virginia-lawyer-costs,11,11,0,66,Virginia | Virginia Lawyer Costs,
/states/washington-lawyer-costs,12,12,0,66,Washington | Washington Lawyer Costs,
/states/west-virginia-lawyer-costs,5,5,0,68,West Virginia | West Virginia Lawyer Costs,
/states/wisconsin-lawyer-costs,8,8,0,68,Wisconsin | Wisconsin Lawyer Costs,
/states/wyoming-lawyer-costs,7,7,0,68,Wyoming | Wyoming Lawyer Costs,
/terms,114,114,0,62,Terms | Terms of Use,
