url,element,before,after,reason,metric_to_watch
/states/alabama-lawyer-costs,title,"Alabama Lawyer Costs 2026: Rates, Retainers & Court Fees","Alabama Lawyer Costs 2026: Rates, Retainers & Fees",Rango horario derivado de Clio (fuente comercial secundaria) presentado como hecho. Retirado del title.,"CTR y posicion, 28 dias"
/states/alabama-lawyer-costs,meta description,"Alabama lawyer costs in 2026: how hourly, flat-fee and contingency billing work, plus court filing fees checked against the Alabama Unified Judicial System. Planning.","Alabama lawyer costs 2026: hourly, flat-fee and contingency billing, plus court filing fees checked against the Alabama Unified Judicial System.",Idem. Sustituido por elementos verificables (judicatura o colegio del estado) y etiquetado como planning estimate.,"CTR, 28 dias"
/states/alaska-lawyer-costs,title,"Alaska Lawyer Costs 2026: Rates, Retainers & Court Fees","Alaska Lawyer Costs 2026: Rates, Retainers & Fees",Rango horario derivado de Clio (fuente comercial secundaria) presentado como hecho. Retirado del title.,"CTR y posicion, 28 dias"
/states/alaska-lawyer-costs,meta description,"Alaska lawyer costs in 2026: how hourly, flat-fee and contingency billing work, what a retainer covers, and how to check standing with Alaska Bar Association..","Alaska lawyer costs 2026: hourly, flat-fee and contingency billing, what a retainer covers, and how to check standing with Alaska Bar Association.",Idem. Sustituido por elementos verificables (judicatura o colegio del estado) y etiquetado como planning estimate.,"CTR, 28 dias"
/states/arizona-lawyer-costs,title,"Arizona Lawyer Costs 2026: Rates, Retainers & Court Fees","Arizona Lawyer Costs 2026: Rates, Retainers & Fees",Rango horario derivado de Clio (fuente comercial secundaria) presentado como hecho. Retirado del title.,"CTR y posicion, 28 dias"
/states/arizona-lawyer-costs,meta description,"Arizona lawyer costs in 2026: how hourly, flat-fee and contingency billing work, what a retainer covers, and how to compare quotes. Planning estimates, not quotes.","Arizona lawyer costs 2026: hourly, flat-fee and contingency billing, what a retainer covers, and how to compare quotes before hiring. Planning estimates, not quotes.",Idem. Sustituido por elementos verificables (judicatura o colegio del estado) y etiquetado como planning estimate.,"CTR, 28 dias"
/states/arkansas-lawyer-costs,title,"Arkansas Lawyer Costs 2026: Rates, Retainers & Court Fees","Arkansas Lawyer Costs 2026: Rates, Retainers & Fees",Rango horario derivado de Clio (fuente comercial secundaria) presentado como hecho. Retirado del title.,"CTR y posicion, 28 dias"
/states/arkansas-lawyer-costs,meta description,"Arkansas lawyer costs in 2026: how hourly, flat-fee and contingency billing work, what a retainer covers, and how to check standing with Arkansas Bar Association..","Arkansas lawyer costs 2026: hourly, flat-fee and contingency billing, what a retainer covers, and how to check standing with Arkansas Bar Association.",Idem. Sustituido por elementos verificables (judicatura o colegio del estado) y etiquetado como planning estimate.,"CTR, 28 dias"
/states/california-lawyer-costs,title,"California Lawyer Costs 2026: Rates, Retainers & Court Fees","California Lawyer Costs 2026: Rates, Retainers & Fees",Rango horario derivado de Clio (fuente comercial secundaria) presentado como hecho. Retirado del title.,"CTR y posicion, 28 dias"
/states/california-lawyer-costs,meta description,"California lawyer costs in 2026: how hourly, flat-fee and contingency billing work, plus court filing fees checked against the California Courts. Planning estimates,.","California lawyer costs 2026: hourly, flat-fee and contingency billing, plus court filing fees checked against the California Courts. Planning estimates, not quotes.",Idem. Sustituido por elementos verificables (judicatura o colegio del estado) y etiquetado como planning estimate.,"CTR, 28 dias"
/states/colorado-lawyer-costs,title,"Colorado Lawyer Costs 2026: Rates, Retainers & Court Fees","Colorado Lawyer Costs 2026: Rates, Retainers & Fees",Rango horario derivado de Clio (fuente comercial secundaria) presentado como hecho. Retirado del title.,"CTR y posicion, 28 dias"
/states/colorado-lawyer-costs,meta description,"Colorado lawyer costs in 2026: how hourly, flat-fee and contingency billing work, plus court filing fees checked against the Colorado Judicial Branch. Planning.","Colorado lawyer costs 2026: hourly, flat-fee and contingency billing, plus court filing fees checked against the Colorado Judicial Branch.",Idem. Sustituido por elementos verificables (judicatura o colegio del estado) y etiquetado como planning estimate.,"CTR, 28 dias"
/states/connecticut-lawyer-costs,title,"Connecticut Lawyer Costs 2026: Rates, Retainers & Court Fees","Connecticut Lawyer Costs 2026: Rates, Retainers & Fees",Rango horario derivado de Clio (fuente comercial secundaria) presentado como hecho. Retirado del title.,"CTR y posicion, 28 dias"
/states/connecticut-lawyer-costs,meta description,"Connecticut lawyer costs in 2026: how hourly, flat-fee and contingency billing work, what a retainer covers, and how to check standing with Connecticut Bar.","Connecticut lawyer costs 2026: hourly, flat-fee and contingency billing, what a retainer covers, and how to check standing with Connecticut Bar Association.",Idem. Sustituido por elementos verificables (judicatura o colegio del estado) y etiquetado como planning estimate.,"CTR, 28 dias"
/states/delaware-lawyer-costs,title,"Delaware Lawyer Costs 2026: Rates, Retainers & Court Fees","Delaware Lawyer Costs 2026: Rates, Retainers & Fees",Rango horario derivado de Clio (fuente comercial secundaria) presentado como hecho. Retirado del title.,"CTR y posicion, 28 dias"
/states/delaware-lawyer-costs,meta description,"Delaware lawyer costs in 2026: how hourly, flat-fee and contingency billing work, what a retainer covers, and how to check standing with Delaware State Bar.","Delaware lawyer costs 2026: hourly, flat-fee and contingency billing, what a retainer covers, and how to check standing with Delaware State Bar Association.",Idem. Sustituido por elementos verificables (judicatura o colegio del estado) y etiquetado como planning estimate.,"CTR, 28 dias"
/states/florida-lawyer-costs,title,"Florida Lawyer Costs 2026: Rates, Retainers & Court Fees","Florida Lawyer Costs 2026: Rates, Retainers & Fees",Rango horario derivado de Clio (fuente comercial secundaria) presentado como hecho. Retirado del title.,"CTR y posicion, 28 dias"
/states/florida-lawyer-costs,meta description,"Florida lawyer costs in 2026: how hourly, flat-fee and contingency billing work, what a retainer covers, and how to compare quotes. Planning estimates, not quotes.","Florida lawyer costs 2026: hourly, flat-fee and contingency billing, what a retainer covers, and how to compare quotes before hiring. Planning estimates, not quotes.",Idem. Sustituido por elementos verificables (judicatura o colegio del estado) y etiquetado como planning estimate.,"CTR, 28 dias"
/states/georgia-lawyer-costs,title,"Georgia Lawyer Costs 2026: Rates, Retainers & Court Fees","Georgia Lawyer Costs 2026: Rates, Retainers & Fees",Rango horario derivado de Clio (fuente comercial secundaria) presentado como hecho. Retirado del title.,"CTR y posicion, 28 dias"
/states/georgia-lawyer-costs,meta description,"Georgia lawyer costs in 2026: how hourly, flat-fee and contingency billing work, what a retainer covers, and how to compare quotes. Planning estimates, not quotes.","Georgia lawyer costs 2026: hourly, flat-fee and contingency billing, what a retainer covers, and how to compare quotes before hiring. Planning estimates, not quotes.",Idem. Sustituido por elementos verificables (judicatura o colegio del estado) y etiquetado como planning estimate.,"CTR, 28 dias"
/states/hawaii-lawyer-costs,title,"Hawaii Lawyer Costs 2026: Rates, Retainers & Court Fees","Hawaii Lawyer Costs 2026: Rates, Retainers & Fees",Rango horario derivado de Clio (fuente comercial secundaria) presentado como hecho. Retirado del title.,"CTR y posicion, 28 dias"
/states/hawaii-lawyer-costs,meta description,"Hawaii lawyer costs in 2026: how hourly, flat-fee and contingency billing work, what a retainer covers, and how to check standing with Hawaii State Bar Association..","Hawaii lawyer costs 2026: hourly, flat-fee and contingency billing, what a retainer covers, and how to check standing with Hawaii State Bar Association.",Idem. Sustituido por elementos verificables (judicatura o colegio del estado) y etiquetado como planning estimate.,"CTR, 28 dias"
/states/idaho-lawyer-costs,title,"Idaho Lawyer Costs 2026: Rates, Retainers & Court Fees","Idaho Lawyer Costs 2026: Rates, Retainers & Fees",Rango horario derivado de Clio (fuente comercial secundaria) presentado como hecho. Retirado del title.,"CTR y posicion, 28 dias"
/states/idaho-lawyer-costs,meta description,"Idaho lawyer costs in 2026: how hourly, flat-fee and contingency billing work, what a retainer covers, and how to check standing with Idaho State Bar. Planning.","Idaho lawyer costs 2026: hourly, flat-fee and contingency billing, what a retainer covers, and how to check standing with Idaho State Bar.",Idem. Sustituido por elementos verificables (judicatura o colegio del estado) y etiquetado como planning estimate.,"CTR, 28 dias"
/states/illinois-lawyer-costs,title,"Illinois Lawyer Costs 2026: Rates, Retainers & Court Fees","Illinois Lawyer Costs 2026: Rates, Retainers & Fees",Rango horario derivado de Clio (fuente comercial secundaria) presentado como hecho. Retirado del title.,"CTR y posicion, 28 dias"
/states/illinois-lawyer-costs,meta description,"Illinois lawyer costs in 2026: how hourly, flat-fee and contingency billing work, what a retainer covers, and how to check standing with Illinois State Bar.","Illinois lawyer costs 2026: hourly, flat-fee and contingency billing, what a retainer covers, and how to check standing with Illinois State Bar Association.",Idem. Sustituido por elementos verificables (judicatura o colegio del estado) y etiquetado como planning estimate.,"CTR, 28 dias"
/states/indiana-lawyer-costs,title,"Indiana Lawyer Costs 2026: Rates, Retainers & Court Fees","Indiana Lawyer Costs 2026: Rates, Retainers & Fees",Rango horario derivado de Clio (fuente comercial secundaria) presentado como hecho. Retirado del title.,"CTR y posicion, 28 dias"
/states/indiana-lawyer-costs,meta description,"Indiana lawyer costs in 2026: how hourly, flat-fee and contingency billing work, what a retainer covers, and how to check standing with Indiana State Bar Association..","Indiana lawyer costs 2026: hourly, flat-fee and contingency billing, what a retainer covers, and how to check standing with Indiana State Bar Association.",Idem. Sustituido por elementos verificables (judicatura o colegio del estado) y etiquetado como planning estimate.,"CTR, 28 dias"
/states/iowa-lawyer-costs,title,"Iowa Lawyer Costs 2026: Rates, Retainers & Court Fees","Iowa Lawyer Costs 2026: Rates, Retainers & Fees",Rango horario derivado de Clio (fuente comercial secundaria) presentado como hecho. Retirado del title.,"CTR y posicion, 28 dias"
/states/iowa-lawyer-costs,meta description,"Iowa lawyer costs in 2026: how hourly, flat-fee and contingency billing work, plus court filing fees checked against the Iowa Judicial Branch. Planning estimates, not.","Iowa lawyer costs 2026: hourly, flat-fee and contingency billing, plus court filing fees checked against the Iowa Judicial Branch. Planning estimates, not quotes.",Idem. Sustituido por elementos verificables (judicatura o colegio del estado) y etiquetado como planning estimate.,"CTR, 28 dias"
/states/kansas-lawyer-costs,title,"Kansas Lawyer Costs 2026: Rates, Retainers & Court Fees","Kansas Lawyer Costs 2026: Rates, Retainers & Fees",Rango horario derivado de Clio (fuente comercial secundaria) presentado como hecho. Retirado del title.,"CTR y posicion, 28 dias"
/states/kansas-lawyer-costs,meta description,"Kansas lawyer costs in 2026: how hourly, flat-fee and contingency billing work, plus court filing fees checked against the Kansas Judicial Branch. Planning estimates,.","Kansas lawyer costs 2026: hourly, flat-fee and contingency billing, plus court filing fees checked against the Kansas Judicial Branch.",Idem. Sustituido por elementos verificables (judicatura o colegio del estado) y etiquetado como planning estimate.,"CTR, 28 dias"
/states/kentucky-lawyer-costs,title,"Kentucky Lawyer Costs 2026: Rates, Retainers & Court Fees","Kentucky Lawyer Costs 2026: Rates, Retainers & Fees",Rango horario derivado de Clio (fuente comercial secundaria) presentado como hecho. Retirado del title.,"CTR y posicion, 28 dias"
/states/kentucky-lawyer-costs,meta description,"Kentucky lawyer costs in 2026: how hourly, flat-fee and contingency billing work, plus court filing fees checked against the Kentucky Court of Justice. Planning.","Kentucky lawyer costs 2026: hourly, flat-fee and contingency billing, plus court filing fees checked against the Kentucky Court of Justice.",Idem. Sustituido por elementos verificables (judicatura o colegio del estado) y etiquetado como planning estimate.,"CTR, 28 dias"
/states/louisiana-lawyer-costs,title,"Louisiana Lawyer Costs 2026: Rates, Retainers & Court Fees","Louisiana Lawyer Costs 2026: Rates, Retainers & Fees",Rango horario derivado de Clio (fuente comercial secundaria) presentado como hecho. Retirado del title.,"CTR y posicion, 28 dias"
/states/louisiana-lawyer-costs,meta description,"Louisiana lawyer costs in 2026: how hourly, flat-fee and contingency billing work, what a retainer covers, and how to check standing with Louisiana State Bar.","Louisiana lawyer costs 2026: hourly, flat-fee and contingency billing, what a retainer covers, and how to check standing with Louisiana State Bar Association.",Idem. Sustituido por elementos verificables (judicatura o colegio del estado) y etiquetado como planning estimate.,"CTR, 28 dias"
/states/maine-lawyer-costs,title,"Maine Lawyer Costs 2026: Rates, Retainers & Court Fees","Maine Lawyer Costs 2026: Rates, Retainers & Fees",Rango horario derivado de Clio (fuente comercial secundaria) presentado como hecho. Retirado del title.,"CTR y posicion, 28 dias"
/states/maine-lawyer-costs,meta description,"Maine lawyer costs in 2026: how hourly, flat-fee and contingency billing work, what a retainer covers, and how to check standing with Maine State Bar Association..","Maine lawyer costs 2026: hourly, flat-fee and contingency billing, what a retainer covers, and how to check standing with Maine State Bar Association.",Idem. Sustituido por elementos verificables (judicatura o colegio del estado) y etiquetado como planning estimate.,"CTR, 28 dias"
/states/maryland-lawyer-costs,title,"Maryland Lawyer Costs 2026: Rates, Retainers & Court Fees","Maryland Lawyer Costs 2026: Rates, Retainers & Fees",Rango horario derivado de Clio (fuente comercial secundaria) presentado como hecho. Retirado del title.,"CTR y posicion, 28 dias"
/states/maryland-lawyer-costs,meta description,"Maryland lawyer costs in 2026: how hourly, flat-fee and contingency billing work, what a retainer covers, and how to check standing with Maryland State Bar.","Maryland lawyer costs 2026: hourly, flat-fee and contingency billing, what a retainer covers, and how to check standing with Maryland State Bar Association.",Idem. Sustituido por elementos verificables (judicatura o colegio del estado) y etiquetado como planning estimate.,"CTR, 28 dias"
/states/massachusetts-lawyer-costs,title,"Massachusetts Lawyer Costs 2026: Rates, Retainers & Court Fees","Massachusetts Lawyer Costs 2026: Rates, Retainers & Fees",Rango horario derivado de Clio (fuente comercial secundaria) presentado como hecho. Retirado del title.,"CTR y posicion, 28 dias"
/states/massachusetts-lawyer-costs,meta description,"Massachusetts lawyer costs in 2026: how hourly, flat-fee and contingency billing work, what a retainer covers, and how to check standing with Massachusetts Bar.","Massachusetts lawyer costs 2026: hourly, flat-fee and contingency billing, what a retainer covers, and how to check standing with Massachusetts Bar Association.",Idem. Sustituido por elementos verificables (judicatura o colegio del estado) y etiquetado como planning estimate.,"CTR, 28 dias"
/states/michigan-lawyer-costs,title,"Michigan Lawyer Costs 2026: Rates, Retainers & Court Fees","Michigan Lawyer Costs 2026: Rates, Retainers & Fees",Rango horario derivado de Clio (fuente comercial secundaria) presentado como hecho. Retirado del title.,"CTR y posicion, 28 dias"
/states/michigan-lawyer-costs,meta description,"Michigan lawyer costs in 2026: how hourly, flat-fee and contingency billing work, what a retainer covers, and how to compare quotes. Planning estimates, not quotes.","Michigan lawyer costs 2026: hourly, flat-fee and contingency billing, what a retainer covers, and how to compare quotes before hiring.",Idem. Sustituido por elementos verificables (judicatura o colegio del estado) y etiquetado como planning estimate.,"CTR, 28 dias"
/states/minnesota-lawyer-costs,title,"Minnesota Lawyer Costs 2026: Rates, Retainers & Court Fees","Minnesota Lawyer Costs 2026: Rates, Retainers & Fees",Rango horario derivado de Clio (fuente comercial secundaria) presentado como hecho. Retirado del title.,"CTR y posicion, 28 dias"
/states/minnesota-lawyer-costs,meta description,"Minnesota lawyer costs in 2026: how hourly, flat-fee and contingency billing work, plus court filing fees checked against the Minnesota Judicial Branch. Planning.","Minnesota lawyer costs 2026: hourly, flat-fee and contingency billing, plus court filing fees checked against the Minnesota Judicial Branch.",Idem. Sustituido por elementos verificables (judicatura o colegio del estado) y etiquetado como planning estimate.,"CTR, 28 dias"
/states/mississippi-lawyer-costs,title,"Mississippi Lawyer Costs 2026: Rates, Retainers & Court Fees","Mississippi Lawyer Costs 2026: Rates, Retainers & Fees",Rango horario derivado de Clio (fuente comercial secundaria) presentado como hecho. Retirado del title.,"CTR y posicion, 28 dias"
/states/mississippi-lawyer-costs,meta description,"Mississippi lawyer costs in 2026: how hourly, flat-fee and contingency billing work, plus court filing fees checked against the Mississippi Judiciary. Planning.","Mississippi lawyer costs 2026: hourly, flat-fee and contingency billing, plus court filing fees checked against the Mississippi Judiciary.",Idem. Sustituido por elementos verificables (judicatura o colegio del estado) y etiquetado como planning estimate.,"CTR, 28 dias"
/states/missouri-lawyer-costs,title,"Missouri Lawyer Costs 2026: Rates, Retainers & Court Fees","Missouri Lawyer Costs 2026: Rates, Retainers & Fees",Rango horario derivado de Clio (fuente comercial secundaria) presentado como hecho. Retirado del title.,"CTR y posicion, 28 dias"
/states/missouri-lawyer-costs,meta description,"Missouri lawyer costs in 2026: how hourly, flat-fee and contingency billing work, plus court filing fees checked against the Missouri Courts. Planning estimates, not.","Missouri lawyer costs 2026: hourly, flat-fee and contingency billing, plus court filing fees checked against the Missouri Courts. Planning estimates, not quotes.",Idem. Sustituido por elementos verificables (judicatura o colegio del estado) y etiquetado como planning estimate.,"CTR, 28 dias"
/states/montana-lawyer-costs,title,"Montana Lawyer Costs 2026: Rates, Retainers & Court Fees","Montana Lawyer Costs 2026: Rates, Retainers & Fees",Rango horario derivado de Clio (fuente comercial secundaria) presentado como hecho. Retirado del title.,"CTR y posicion, 28 dias"
/states/montana-lawyer-costs,meta description,"Montana lawyer costs in 2026: how hourly, flat-fee and contingency billing work, what a retainer covers, and how to compare quotes. Planning estimates, not quotes.","Montana lawyer costs 2026: hourly, flat-fee and contingency billing, what a retainer covers, and how to compare quotes before hiring. Planning estimates, not quotes.",Idem. Sustituido por elementos verificables (judicatura o colegio del estado) y etiquetado como planning estimate.,"CTR, 28 dias"
/states/nebraska-lawyer-costs,title,"Nebraska Lawyer Costs 2026: Rates, Retainers & Court Fees","Nebraska Lawyer Costs 2026: Rates, Retainers & Fees",Rango horario derivado de Clio (fuente comercial secundaria) presentado como hecho. Retirado del title.,"CTR y posicion, 28 dias"
/states/nebraska-lawyer-costs,meta description,"Nebraska lawyer costs in 2026: how hourly, flat-fee and contingency billing work, what a retainer covers, and how to check standing with Nebraska State Bar.","Nebraska lawyer costs 2026: hourly, flat-fee and contingency billing, what a retainer covers, and how to check standing with Nebraska State Bar Association.",Idem. Sustituido por elementos verificables (judicatura o colegio del estado) y etiquetado como planning estimate.,"CTR, 28 dias"
/states/nevada-lawyer-costs,title,"Nevada Lawyer Costs 2026: Rates, Retainers & Court Fees","Nevada Lawyer Costs 2026: Rates, Retainers & Fees",Rango horario derivado de Clio (fuente comercial secundaria) presentado como hecho. Retirado del title.,"CTR y posicion, 28 dias"
/states/nevada-lawyer-costs,meta description,"Nevada lawyer costs in 2026: how hourly, flat-fee and contingency billing work, what a retainer covers, and how to compare quotes. Planning estimates, not quotes.","Nevada lawyer costs 2026: hourly, flat-fee and contingency billing, what a retainer covers, and how to compare quotes before hiring. Planning estimates, not quotes.",Idem. Sustituido por elementos verificables (judicatura o colegio del estado) y etiquetado como planning estimate.,"CTR, 28 dias"
/states/new-hampshire-lawyer-costs,title,"New Hampshire Lawyer Costs 2026: Rates, Retainers & Court Fees","New Hampshire Lawyer Costs 2026: Rates, Retainers & Fees",Rango horario derivado de Clio (fuente comercial secundaria) presentado como hecho. Retirado del title.,"CTR y posicion, 28 dias"
/states/new-hampshire-lawyer-costs,meta description,"New Hampshire lawyer costs in 2026: how hourly, flat-fee and contingency billing work, what a retainer covers, and how to check standing with New Hampshire Bar.","New Hampshire lawyer costs 2026: hourly, flat-fee and contingency billing, what a retainer covers, and how to check standing with New Hampshire Bar Association.",Idem. Sustituido por elementos verificables (judicatura o colegio del estado) y etiquetado como planning estimate.,"CTR, 28 dias"
/states/new-jersey-lawyer-costs,title,"New Jersey Lawyer Costs 2026: Rates, Retainers & Court Fees","New Jersey Lawyer Costs 2026: Rates, Retainers & Fees",Rango horario derivado de Clio (fuente comercial secundaria) presentado como hecho. Retirado del title.,"CTR y posicion, 28 dias"
/states/new-jersey-lawyer-costs,meta description,"New Jersey lawyer costs in 2026: how hourly, flat-fee and contingency billing work, plus court filing fees checked against the New Jersey Courts. Planning estimates,.","New Jersey lawyer costs 2026: hourly, flat-fee and contingency billing, plus court filing fees checked against the New Jersey Courts. Planning estimates, not quotes.",Idem. Sustituido por elementos verificables (judicatura o colegio del estado) y etiquetado como planning estimate.,"CTR, 28 dias"
/states/new-mexico-lawyer-costs,title,"New Mexico Lawyer Costs 2026: Rates, Retainers & Court Fees","New Mexico Lawyer Costs 2026: Rates, Retainers & Fees",Rango horario derivado de Clio (fuente comercial secundaria) presentado como hecho. Retirado del title.,"CTR y posicion, 28 dias"
/states/new-mexico-lawyer-costs,meta description,"New Mexico lawyer costs in 2026: how hourly, flat-fee and contingency billing work, what a retainer covers, and how to compare quotes. Planning estimates, not quotes.","New Mexico lawyer costs 2026: hourly, flat-fee and contingency billing, what a retainer covers, and how to compare quotes before hiring.",Idem. Sustituido por elementos verificables (judicatura o colegio del estado) y etiquetado como planning estimate.,"CTR, 28 dias"
/states/new-york-lawyer-costs,title,"New York Lawyer Costs 2026: Rates, Retainers & Court Fees","New York Lawyer Costs 2026: Rates, Retainers & Fees",Rango horario derivado de Clio (fuente comercial secundaria) presentado como hecho. Retirado del title.,"CTR y posicion, 28 dias"
/states/new-york-lawyer-costs,meta description,"New York lawyer costs in 2026: how hourly, flat-fee and contingency billing work, plus court filing fees checked against the New York State Unified Court System..","New York lawyer costs 2026: hourly, flat-fee and contingency billing, plus court filing fees checked against the New York State Unified Court System.",Idem. Sustituido por elementos verificables (judicatura o colegio del estado) y etiquetado como planning estimate.,"CTR, 28 dias"
/states/north-carolina-lawyer-costs,title,"North Carolina Lawyer Costs 2026: Rates, Retainers & Court Fees","North Carolina Lawyer Costs 2026: Rates, Retainers & Fees",Rango horario derivado de Clio (fuente comercial secundaria) presentado como hecho. Retirado del title.,"CTR y posicion, 28 dias"
/states/north-carolina-lawyer-costs,meta description,"North Carolina lawyer costs in 2026: how hourly, flat-fee and contingency billing work, plus court filing fees checked against the North Carolina Judicial Branch..","North Carolina lawyer costs 2026: hourly, flat-fee and contingency billing, plus court filing fees checked against the North Carolina Judicial Branch.",Idem. Sustituido por elementos verificables (judicatura o colegio del estado) y etiquetado como planning estimate.,"CTR, 28 dias"
/states/north-dakota-lawyer-costs,title,"North Dakota Lawyer Costs 2026: Rates, Retainers & Court Fees","North Dakota Lawyer Costs 2026: Rates, Retainers & Fees",Rango horario derivado de Clio (fuente comercial secundaria) presentado como hecho. Retirado del title.,"CTR y posicion, 28 dias"
/states/north-dakota-lawyer-costs,meta description,"North Dakota lawyer costs in 2026: how hourly, flat-fee and contingency billing work, what a retainer covers, and how to compare quotes. Planning estimates, not quotes.","North Dakota lawyer costs 2026: hourly, flat-fee and contingency billing, what a retainer covers, and how to compare quotes before hiring.",Idem. Sustituido por elementos verificables (judicatura o colegio del estado) y etiquetado como planning estimate.,"CTR, 28 dias"
/states/ohio-lawyer-costs,title,"Ohio Lawyer Costs 2026: Rates, Retainers & Court Fees","Ohio Lawyer Costs 2026: Rates, Retainers & Fees",Rango horario derivado de Clio (fuente comercial secundaria) presentado como hecho. Retirado del title.,"CTR y posicion, 28 dias"
/states/ohio-lawyer-costs,meta description,"Ohio lawyer costs in 2026: how hourly, flat-fee and contingency billing work, what a retainer covers, and how to check standing with Ohio State Bar Association..","Ohio lawyer costs 2026: hourly, flat-fee and contingency billing, what a retainer covers, and how to check standing with Ohio State Bar Association.",Idem. Sustituido por elementos verificables (judicatura o colegio del estado) y etiquetado como planning estimate.,"CTR, 28 dias"
/states/oklahoma-lawyer-costs,title,"Oklahoma Lawyer Costs 2026: Rates, Retainers & Court Fees","Oklahoma Lawyer Costs 2026: Rates, Retainers & Fees",Rango horario derivado de Clio (fuente comercial secundaria) presentado como hecho. Retirado del title.,"CTR y posicion, 28 dias"
/states/oklahoma-lawyer-costs,meta description,"Oklahoma lawyer costs in 2026: how hourly, flat-fee and contingency billing work, what a retainer covers, and how to check standing with Oklahoma Bar Association..","Oklahoma lawyer costs 2026: hourly, flat-fee and contingency billing, what a retainer covers, and how to check standing with Oklahoma Bar Association.",Idem. Sustituido por elementos verificables (judicatura o colegio del estado) y etiquetado como planning estimate.,"CTR, 28 dias"
/states/oregon-lawyer-costs,title,"Oregon Lawyer Costs 2026: Rates, Retainers & Court Fees","Oregon Lawyer Costs 2026: Rates, Retainers & Fees",Rango horario derivado de Clio (fuente comercial secundaria) presentado como hecho. Retirado del title.,"CTR y posicion, 28 dias"
/states/oregon-lawyer-costs,meta description,"Oregon lawyer costs in 2026: how hourly, flat-fee and contingency billing work, what a retainer covers, and how to check standing with Oregon State Bar. Planning.","Oregon lawyer costs 2026: hourly, flat-fee and contingency billing, what a retainer covers, and how to check standing with Oregon State Bar.",Idem. Sustituido por elementos verificables (judicatura o colegio del estado) y etiquetado como planning estimate.,"CTR, 28 dias"
/states/pennsylvania-lawyer-costs,title,"Pennsylvania Lawyer Costs 2026: Rates, Retainers & Court Fees","Pennsylvania Lawyer Costs 2026: Rates, Retainers & Fees",Rango horario derivado de Clio (fuente comercial secundaria) presentado como hecho. Retirado del title.,"CTR y posicion, 28 dias"
/states/pennsylvania-lawyer-costs,meta description,"Pennsylvania lawyer costs in 2026: how hourly, flat-fee and contingency billing work, what a retainer covers, and how to check standing with Pennsylvania Bar.","Pennsylvania lawyer costs 2026: hourly, flat-fee and contingency billing, what a retainer covers, and how to check standing with Pennsylvania Bar Association.",Idem. Sustituido por elementos verificables (judicatura o colegio del estado) y etiquetado como planning estimate.,"CTR, 28 dias"
/states/rhode-island-lawyer-costs,title,"Rhode Island Lawyer Costs 2026: Rates, Retainers & Court Fees","Rhode Island Lawyer Costs 2026: Rates, Retainers & Fees",Rango horario derivado de Clio (fuente comercial secundaria) presentado como hecho. Retirado del title.,"CTR y posicion, 28 dias"
/states/rhode-island-lawyer-costs,meta description,"Rhode Island lawyer costs in 2026: how hourly, flat-fee and contingency billing work, what a retainer covers, and how to check standing with Rhode Island Bar.","Rhode Island lawyer costs 2026: hourly, flat-fee and contingency billing, what a retainer covers, and how to check standing with Rhode Island Bar Association.",Idem. Sustituido por elementos verificables (judicatura o colegio del estado) y etiquetado como planning estimate.,"CTR, 28 dias"
/states/south-carolina-lawyer-costs,title,"South Carolina Lawyer Costs 2026: Rates, Retainers & Court Fees","South Carolina Lawyer Costs 2026: Rates, Retainers & Fees",Rango horario derivado de Clio (fuente comercial secundaria) presentado como hecho. Retirado del title.,"CTR y posicion, 28 dias"
/states/south-carolina-lawyer-costs,meta description,"South Carolina lawyer costs in 2026: how hourly, flat-fee and contingency billing work, plus court filing fees checked against the South Carolina Judicial Branch..","South Carolina lawyer costs 2026: hourly, flat-fee and contingency billing, plus court filing fees checked against the South Carolina Judicial Branch.",Idem. Sustituido por elementos verificables (judicatura o colegio del estado) y etiquetado como planning estimate.,"CTR, 28 dias"
/states/south-dakota-lawyer-costs,title,"South Dakota Lawyer Costs 2026: Rates, Retainers & Court Fees","South Dakota Lawyer Costs 2026: Rates, Retainers & Fees",Rango horario derivado de Clio (fuente comercial secundaria) presentado como hecho. Retirado del title.,"CTR y posicion, 28 dias"
/states/south-dakota-lawyer-costs,meta description,"South Dakota lawyer costs in 2026: how hourly, flat-fee and contingency billing work, plus court filing fees checked against the South Dakota Unified Judicial System..","South Dakota lawyer costs 2026: hourly, flat-fee and contingency billing, plus court filing fees checked against the South Dakota Unified Judicial System.",Idem. Sustituido por elementos verificables (judicatura o colegio del estado) y etiquetado como planning estimate.,"CTR, 28 dias"
/states/tennessee-lawyer-costs,title,"Tennessee Lawyer Costs 2026: Rates, Retainers & Court Fees","Tennessee Lawyer Costs 2026: Rates, Retainers & Fees",Rango horario derivado de Clio (fuente comercial secundaria) presentado como hecho. Retirado del title.,"CTR y posicion, 28 dias"
/states/tennessee-lawyer-costs,meta description,"Tennessee lawyer costs in 2026: how hourly, flat-fee and contingency billing work, what a retainer covers, and how to check standing with Tennessee Bar Association..","Tennessee lawyer costs 2026: hourly, flat-fee and contingency billing, what a retainer covers, and how to check standing with Tennessee Bar Association.",Idem. Sustituido por elementos verificables (judicatura o colegio del estado) y etiquetado como planning estimate.,"CTR, 28 dias"
/states/texas-lawyer-costs,title,"Texas Lawyer Costs 2026: Rates, Retainers & Court Fees","Texas Lawyer Costs 2026: Rates, Retainers & Fees",Rango horario derivado de Clio (fuente comercial secundaria) presentado como hecho. Retirado del title.,"CTR y posicion, 28 dias"
/states/texas-lawyer-costs,meta description,"Texas lawyer costs in 2026: how hourly, flat-fee and contingency billing work, what a retainer covers, and how to compare quotes. Planning estimates, not quotes.","Texas lawyer costs 2026: hourly, flat-fee and contingency billing, what a retainer covers, and how to compare quotes before hiring. Planning estimates, not quotes.",Idem. Sustituido por elementos verificables (judicatura o colegio del estado) y etiquetado como planning estimate.,"CTR, 28 dias"
/states/utah-lawyer-costs,title,"Utah Lawyer Costs 2026: Rates, Retainers & Court Fees","Utah Lawyer Costs 2026: Rates, Retainers & Fees",Rango horario derivado de Clio (fuente comercial secundaria) presentado como hecho. Retirado del title.,"CTR y posicion, 28 dias"
/states/utah-lawyer-costs,meta description,"Utah lawyer costs in 2026: how hourly, flat-fee and contingency billing work, plus court filing fees checked against the Utah State Courts. Planning estimates, not.","Utah lawyer costs 2026: hourly, flat-fee and contingency billing, plus court filing fees checked against the Utah State Courts. Planning estimates, not quotes.",Idem. Sustituido por elementos verificables (judicatura o colegio del estado) y etiquetado como planning estimate.,"CTR, 28 dias"
/states/vermont-lawyer-costs,title,"Vermont Lawyer Costs 2026: Rates, Retainers & Court Fees","Vermont Lawyer Costs 2026: Rates, Retainers & Fees",Rango horario derivado de Clio (fuente comercial secundaria) presentado como hecho. Retirado del title.,"CTR y posicion, 28 dias"
/states/vermont-lawyer-costs,meta description,"Vermont lawyer costs in 2026: how hourly, flat-fee and contingency billing work, what a retainer covers, and how to check standing with Vermont Bar Association..","Vermont lawyer costs 2026: hourly, flat-fee and contingency billing, what a retainer covers, and how to check standing with Vermont Bar Association.",Idem. Sustituido por elementos verificables (judicatura o colegio del estado) y etiquetado como planning estimate.,"CTR, 28 dias"
/states/virginia-lawyer-costs,title,"Virginia Lawyer Costs 2026: Rates, Retainers & Court Fees","Virginia Lawyer Costs 2026: Rates, Retainers & Fees",Rango horario derivado de Clio (fuente comercial secundaria) presentado como hecho. Retirado del title.,"CTR y posicion, 28 dias"
/states/virginia-lawyer-costs,meta description,"Virginia lawyer costs in 2026: how hourly, flat-fee and contingency billing work, what a retainer covers, and how to check standing with Virginia State Bar. Planning.","Virginia lawyer costs 2026: hourly, flat-fee and contingency billing, what a retainer covers, and how to check standing with Virginia State Bar.",Idem. Sustituido por elementos verificables (judicatura o colegio del estado) y etiquetado como planning estimate.,"CTR, 28 dias"
/states/washington-lawyer-costs,title,"Washington Lawyer Costs 2026: Rates, Retainers & Court Fees","Washington Lawyer Costs 2026: Rates, Retainers & Fees",Rango horario derivado de Clio (fuente comercial secundaria) presentado como hecho. Retirado del title.,"CTR y posicion, 28 dias"
/states/washington-lawyer-costs,meta description,"Washington lawyer costs in 2026: how hourly, flat-fee and contingency billing work, what a retainer covers, and how to check standing with Washington State Bar.","Washington lawyer costs 2026: hourly, flat-fee and contingency billing, what a retainer covers, and how to check standing with Washington State Bar Association.",Idem. Sustituido por elementos verificables (judicatura o colegio del estado) y etiquetado como planning estimate.,"CTR, 28 dias"
/states/west-virginia-lawyer-costs,title,"West Virginia Lawyer Costs 2026: Rates, Retainers & Court Fees","West Virginia Lawyer Costs 2026: Rates, Retainers & Fees",Rango horario derivado de Clio (fuente comercial secundaria) presentado como hecho. Retirado del title.,"CTR y posicion, 28 dias"
/states/west-virginia-lawyer-costs,meta description,"West Virginia lawyer costs in 2026: how hourly, flat-fee and contingency billing work, what a retainer covers, and how to check standing with West Virginia State Bar..","West Virginia lawyer costs 2026: hourly, flat-fee and contingency billing, what a retainer covers, and how to check standing with West Virginia State Bar.",Idem. Sustituido por elementos verificables (judicatura o colegio del estado) y etiquetado como planning estimate.,"CTR, 28 dias"
/states/wisconsin-lawyer-costs,title,"Wisconsin Lawyer Costs 2026: Rates, Retainers & Court Fees","Wisconsin Lawyer Costs 2026: Rates, Retainers & Fees",Rango horario derivado de Clio (fuente comercial secundaria) presentado como hecho. Retirado del title.,"CTR y posicion, 28 dias"
/states/wisconsin-lawyer-costs,meta description,"Wisconsin lawyer costs in 2026: how hourly, flat-fee and contingency billing work, what a retainer covers, and how to compare quotes. Planning estimates, not quotes.","Wisconsin lawyer costs 2026: hourly, flat-fee and contingency billing, what a retainer covers, and how to compare quotes before hiring.",Idem. Sustituido por elementos verificables (judicatura o colegio del estado) y etiquetado como planning estimate.,"CTR, 28 dias"
/states/wyoming-lawyer-costs,title,"Wyoming Lawyer Costs 2026: Rates, Retainers & Court Fees","Wyoming Lawyer Costs 2026: Rates, Retainers & Fees",Rango horario derivado de Clio (fuente comercial secundaria) presentado como hecho. Retirado del title.,"CTR y posicion, 28 dias"
/states/wyoming-lawyer-costs,meta description,"Wyoming lawyer costs in 2026: how hourly, flat-fee and contingency billing work, what a retainer covers, and how to check standing with Wyoming State Bar. Planning.","Wyoming lawyer costs 2026: hourly, flat-fee and contingency billing, what a retainer covers, and how to check standing with Wyoming State Bar.",Idem. Sustituido por elementos verificables (judicatura o colegio del estado) y etiquetado como planning estimate.,"CTR, 28 dias"
